0,0,0,0,0.99257,-3.692e-13,0.12166,4.4056e-13,6.793,0,1.6897,0,0,0
0.01,0.069982,4.1546e-06,-1.199e-05,0.99259,-0.0015424,0.12153,0.0002336,6.7941,-0.006384,1.6886,-0.13075,0.007341,0.0089435
0.02,0.13996,8.3092e-06,-2.398e-05,0.9926,-0.0030848,0.1214,0.00046719,6.7951,-0.012768,1.6875,-0.2615,0.014682,0.017887
0.03,0.20995,1.2464e-05,-3.5971e-05,0.99261,-0.0046272,0.12127,0.00070079,6.7962,-0.019152,1.6863,-0.39226,0.022023,0.02683
0.04,0.27993,1.6618e-05,-4.7961e-05,0.99262,-0.0061695,0.12114,0.00093439,6.7972,-0.025536,1.6852,-0.52301,0.029364,0.035774
0.05,0.34991,2.0773e-05,-5.9951e-05,0.99262,-0.0077119,0.121,0.001168,6.7983,-0.03192,1.684,-0.65376,0.036705,0.044717
0.06,0.41994,-0.00021534,3.6429e-05,0.99229,-0.01357,0.12319,0.0027869,6.7895,-0.072305,1.712,-0.78029,0.14253,0.082137
0.07,0.48997,-0.0004797,0.00014555,0.99186,-0.019934,0.12565,0.0045685,6.7797,-0.11669,1.7433,-0.90632,0.25993,0.12291
0.08,0.56,-0.00074406,0.00025467,0.99139,-0.026297,0.1281,0.00635,6.7698,-0.16107,1.7746,-1.0324,0.37734,0.16367
0.09,0.63004,-0.0010084,0.00036379,0.99087,-0.032659,0.13055,0.0081311,6.7599,-0.20545,1.806,-1.1584,0.49474,0.20444
0.1,0.70007,-0.0012728,0.00047291,0.9903,-0.039019,0.13299,0.0099118,6.75,-0.24984,1.8373,-1.2844,0.61214,0.24521
0.11,0.7701,-0.0015371,0.00058203,0.98968,-0.045378,0.13542,0.011692,6.7401,-0.29422,1.8687,-1.4105,0.72954,0.28598
0.12,0.84014,-0.0018015,0.00069115,0.98901,-0.051734,0.13784,0.013472,6.7302,-0.3386,1.9,-1.5365,0.84695,0.32674
0.13,0.91017,-0.0020659,0.00080027,0.98829,-0.058088,0.14026,0.015251,6.7203,-0.38299,1.9314,-1.6625,0.96435,0.36751
0.14,0.9802,-0.0023302,0.00090939,0.98752,-0.064438,0.14267,0.017029,6.7104,-0.42737,1.9627,-1.7886,1.0818,0.40828
0.15,1.05,-0.0033023,0.00086379,0.9858,-0.07254,0.15007,0.020349,6.667,-0.51067,2.0375,-1.7744,1.2352,0.46077
0.16,1.1197,-0.0044489,0.00078002,0.9837,-0.081063,0.15868,0.024047,6.6152,-0.60357,2.1231,-1.7257,1.3976,0.51615
0.17,1.1894,-0.0055956,0.00069624,0.98144,-0.089573,0.16726,0.027741,6.5635,-0.69648,2.2086,-1.677,1.56,0.57153
0.18,1.2591,-0.0067422,0.00061247,0.97902,-0.098068,0.17581,0.031431,6.5118,-0.78938,2.2941,-1.6283,1.7224,0.62692
0.19,1.3288,-0.0078889,0.0005287,0.97644,-0.10655,0.18434,0.035115,6.46,-0.88229,2.3797,-1.5796,1.8848,0.6823
0.2,1.3985,-0.0090356,0.00044493,0.9737,-0.11501,0.19283,0.038794,6.4083,-0.97519,2.4652,-1.5308,2.0472,0.73768
0.21,1.4682,-0.010182,0.00036115,0.97079,-0.12345,0.2013,0.042466,6.3566,-1.0681,2.5508,-1.4821,2.2096,0.79306
0.22,1.5379,-0.011402,0.00022488,0.96768,-0.13162,0.21008,0.04616,6.3012,-1.162,2.6374,-1.4385,2.3584,0.84787
0.23,1.607,-0.01338,-0.00045982,0.96393,-0.13706,0.22256,0.050147,6.2084,-1.2666,2.7354,-1.448,2.3657,0.89667
0.24,1.6761,-0.015358,-0.0011445,0.95998,-0.14248,0.23498,0.054123,6.1155,-1.3711,2.8333,-1.4575,2.3731,0.94547
0.25,1.744,-0.01833,-0.00302,0.95612,-0.14714,0.24645,0.058713,6.0158,-1.4731,2.8975,-1.3222,2.3336,0.97866
0.26,1.8118,-0.021346,-0.0049483,0.9521,-0.15174,0.25783,0.06332,5.9157,-1.5751,2.9602,-1.1804,2.292,1.0112
0.27,1.8796,-0.024362,-0.0068766,0.9479,-0.15632,0.26916,0.067915,5.8157,-1.677,3.023,-1.0387,2.2505,1.0436
0.28,1.9475,-0.027377,-0.0088049,0.94352,-0.16086,0.28044,0.072497,5.7156,-1.7789,3.0857,-0.89698,2.2089,1.0761
0.29,2.0153,-0.030393,-0.010733,0.93896,-0.16537,0.29166,0.077065,5.6156,-1.8809,3.1484,-0.75525,2.1673,1.1086
0.3,2.0803,-0.034949,-0.01494,0.93546,-0.16594,0.30133,0.081168,5.5149,-1.9476,3.1755,-0.64118,2.0946,1.1128
0.31,2.1448,-0.039773,-0.019542,0.93205,-0.16581,0.31069,0.085183,5.4141,-2.0082,3.1966,-0.5319,2.0164,1.112
0.32,2.2094,-0.044596,-0.024145,0.92854,-0.16566,0.32002,0.089188,5.3133,-2.0689,3.2176,-0.42262,1.9382,1.1112
0.33,2.2739,-0.049419,-0.028747,0.92492,-0.16549,0.32932,0.093183,5.2125,-2.1295,3.2386,-0.31334,1.8601,1.1104
0.34,2.3384,-0.054242,-0.033349,0.9212,-0.16531,0.33857,0.097167,5.1117,-2.1902,3.2596,-0.20406,1.7819,1.1097
0.35,2.4029,-0.059066,-0.037951,0.91736,-0.1651,0.34779,0.10114,5.0109,-2.2508,3.2806,-0.094785,1.7037,1.1089
0.36,2.4675,-0.063889,-0.042553,0.91343,-0.16487,0.35696,0.1051,4.9101,-2.3114,3.3017,0.014494,1.6256,1.1081
0.37,2.532,-0.068712,-0.047155,0.90938,-0.16463,0.3661,0.10905,4.8093,-2.3721,3.3227,0.12377,1.5474,1.1073
0.38,2.5965,-0.073535,-0.051757,0.90523,-0.16437,0.37519,0.11299,4.7085,-2.4327,3.3437,0.23305,1.4692,1.1065
0.39,2.6572,-0.079547,-0.058829,0.90223,-0.16207,0.38242,0.11603,4.6213,-2.4565,3.3423,0.26953,1.4189,1.0825
0.4,2.7166,-0.085934,-0.066683,0.89956,-0.15913,0.38904,0.1188,4.5385,-2.4686,3.3338,0.28297,1.3775,1.0511
0.41,2.776,-0.092322,-0.074536,0.89684,-0.15617,0.39563,0.12155,4.4557,-2.4807,3.3254,0.29642,1.336,1.0198
0.42,2.8354,-0.098709,-0.08239,0.89404,-0.15321,0.4022,0.1243,4.3729,-2.4929,3.3169,0.30986,1.2945,0.98841
0.43,2.8948,-0.1051,-0.090243,0.89119,-0.15023,0.40874,0.12704,4.2902,-2.505,3.3084,0.3233,1.2531,0.95704
0.44,2.9542,-0.11148,-0.098097,0.88828,-0.14724,0.41525,0.12977,4.2074,-2.5171,3.3,0.33674,1.2116,0.92567
0.45,3.0137,-0.11787,-0.10595,0.88531,-0.14425,0.42173,0.13249,4.1246,-2.5292,3.2915,0.35018,1.1702,0.89431
0.46,3.0729,-0.12427,-0.11388,0.8823,-0.14128,0.42816,0.13518,4.0422,-2.5408,3.2827,0.36471,1.1289,0.86292
0.47,3.129,-0.13101,-0.12339,0.87947,-0.139,0.43399,0.13732,3.9699,-2.5416,3.2679,0.4024,1.0925,0.83121
0.48,3.1851,-0.13774,-0.1329,0.8766,-0.13672,0.4398,0.13946,3.8975,-2.5423,3.2531,0.44009,1.0561,0.7995
0.49,3.239,-0.14465,-0.14339,0.8741,-0.13399,0.44508,0.14108,3.8323,-2.532,3.2354,0.43407,1.0414,0.77607
0.5,3.2927,-0.15158,-0.15398,0.87159,-0.13121,0.4503,0.14264,3.7678,-2.5206,3.2173,0.42399,1.0288,0.75342
0.51,3.3464,-0.15852,-0.16457,0.86904,-0.12843,0.45549,0.1442,3.7033,-2.5092,3.1993,0.41391,1.0163,0.73076
0.52,3.4001,-0.16545,-0.17516,0.86646,-0.12565,0.46067,0.14575,3.6387,-2.4978,3.1813,0.40383,1.0037,0.70811
0.53,3.4538,-0.17238,-0.18575,0.86384,-0.12285,0.46583,0.1473,3.5742,-2.4865,3.1633,0.39375,0.99108,0.68545
0.54,3.5038,-0.17929,-0.19776,0.86119,-0.12071,0.47075,0.14888,3.5155,-2.4728,3.1419,0.36927,0.99165,0.6793
0.55,3.5528,-0.18619,-0.2101,0.85852,-0.11872,0.47561,0.15047,3.4581,-2.4585,3.1197,0.3414,0.99532,0.67702
0.56,3.6019,-0.19309,-0.22244,0.85581,-0.11673,0.48046,0.15205,3.4008,-2.4442,3.0975,0.31354,0.99898,0.67474
0.57,3.6509,-0.19998,-0.23479,0.85308,-0.11473,0.48528,0.15362,3.3434,-2.43,3.0753,0.28567,1.0026,0.67246
0.58,3.7,-0.20688,-0.24713,0.85031,-0.11273,0.49009,0.15519,3.2861,-2.4157,3.0531,0.25781,1.0063,0.67018
0.59,3.7491,-0.21378,-0.25947,0.84751,-0.11072,0.49488,0.15675,3.2288,-2.4015,3.0309,0.22995,1.01,0.6679
0.6,3.7981,-0.22068,-0.27181,0.84467,-0.10871,0.49965,0.15831,3.1714,-2.3872,3.0087,0.20208,1.0136,0.66562
0.61,3.8472,-0.22758,-0.28416,0.84181,-0.10669,0.5044,0.15986,3.1141,-2.373,2.9865,0.17422,1.0173,0.66334
0.62,3.8962,-0.23448,-0.2965,0.83891,-0.10467,0.50913,0.1614,3.0567,-2.3587,2.9643,0.14635,1.021,0.66106
0.63,3.9415,-0.24108,-0.30999,0.83572,-0.10335,0.51396,0.16348,3.0013,-2.3467,2.9402,0.12014,1.0317,0.66841
0.64,3.9853,-0.24756,-0.32393,0.8324,-0.1023,0.51881,0.16577,2.9467,-2.3355,2.9153,0.094586,1.0452,0.67955
0.65,4.029,-0.25404,-0.33787,0.82904,-0.10124,0.52364,0.16806,2.8922,-2.3243,2.8903,0.06903,1.0587,0.6907
0.66,4.0728,-0.26053,-0.35182,0.82564,-0.10018,0.52845,0.17033,2.8376,-2.3131,2.8654,0.043473,1.0722,0.70185
0.67,4.1165,-0.26701,-0.36576,0.82222,-0.099114,0.53324,0.1726,2.783,-2.3019,2.8405,0.017916,1.0857,0.71299
0.68,4.1603,-0.27349,-0.3797,0.81876,-0.098046,0.53801,0.17486,2.7284,-2.2908,2.8156,-0.0076403,1.0992,0.72414
0.69,4.204,-0.27997,-0.39364,0.81526,-0.096973,0.54275,0.17712,2.6738,-2.2796,2.7907,-0.033197,1.1128,0.73529
0.7,4.2478,-0.28646,-0.40759,0.81173,-0.095897,0.54747,0.17937,2.6192,-2.2684,2.7657,-0.05871,1.1263,0.74643
0.71,4.2886,-0.29255,-0.42226,0.80787,-0.095128,0.55239,0.18211,2.5651,-2.2573,2.7399,-0.065979,1.1425,0.75657
0.72,4.3293,-0.29865,-0.43692,0.80397,-0.094356,0.55728,0.18484,2.511,-2.2462,2.7141,-0.073248,1.1588,0.76671
0.73,4.3682,-0.30441,-0.45196,0.79984,-0.093559,0.56238,0.18769,2.4574,-2.2336,2.6888,-0.073007,1.1765,0.77955
0.74,4.4068,-0.31011,-0.46706,0.79564,-0.092754,0.56749,0.19055,2.4038,-2.2207,2.6637,-0.071668,1.1945,0.7928
0.75,4.4453,-0.31582,-0.48216,0.79139,-0.091945,0.57257,0.19339,2.3503,-2.2079,2.6385,-0.070328,1.2124,0.80604
0.76,4.4839,-0.32152,-0.49725,0.78711,-0.091131,0.57762,0.19623,2.2967,-2.195,2.6134,-0.068989,1.2303,0.81929
0.77,4.5225,-0.32723,-0.51235,0.78278,-0.090312,0.58264,0.19906,2.2432,-2.1822,2.5882,-0.06765,1.2482,0.83253
0.78,4.5578,-0.33227,-0.52794,0.77806,-0.089046,0.58813,0.20195,2.1905,-2.1646,2.5639,-0.051334,1.2665,0.85075
0.79,4.5921,-0.33711,-0.54368,0.77319,-0.08764,0.59374,0.20486,2.138,-2.1455,2.5398,-0.030476,1.2848,0.87049
0.8,4.6264,-0.34195,-0.55942,0.76826,-0.086228,0.59931,0.20775,2.0855,-2.1264,2.5157,-0.0096177,1.3032,0.89022
0.81,4.6606,-0.34679,-0.57516,0.76329,-0.08481,0.60484,0.21063,2.0331,-2.1073,2.4916,0.01124,1.3215,0.90995
0.82,4.6949,-0.35163,-0.5909,0.75826,-0.083387,0.61033,0.2135,1.9806,-2.0882,2.4675,0.032098,1.3399,0.92968
0.83,4.7292,-0.35647,-0.60664,0.75319,-0.081959,0.61578,0.21635,1.9281,-2.0692,2.4434,0.052956,1.3582,0.94942
0.84,4.7635,-0.36131,-0.62238,0.74806,-0.080525,0.62119,0.21919,1.8757,-2.0501,2.4194,0.073814,1.3766,0.96915
0.85,4.7978,-0.36614,-0.63812,0.74289,-0.079086,0.62656,0.22201,1.8232,-2.031,2.3953,0.094672,1.3949,0.98888
0.86,4.8321,-0.37098,-0.65386,0.73766,-0.077642,0.63189,0.22482,1.7707,-2.0119,2.3712,0.11553,1.4133,1.0086
0.87,4.8628,-0.375,-0.6699,0.73195,-0.075336,0.63776,0.22768,1.7199,-1.9867,2.3467,0.13791,1.4311,1.0377
0.88,4.8919,-0.37861,-0.68608,0.72597,-0.072612,0.64385,0.23056,1.6698,-1.9585,2.322,0.16102,1.4486,1.0712
0.89,4.9209,-0.38222,-0.70226,0.71992,-0.069882,0.64989,0.23342,1.6197,-1.9302,2.2973,0.18414,1.4662,1.1047
0.9,4.95,-0.38583,-0.71844,0.7138,-0.067145,0.65587,0.23625,1.5695,-1.902,2.2726,0.20725,1.4837,1.1383
0.91,4.979,-0.38945,-0.73462,0.70763,-0.064402,0.66179,0.23907,1.5194,-1.8738,2.2479,0.23036,1.5012,1.1718
0.92,5.0081,-0.39306,-0.7508,0.70139,-0.061653,0.66765,0.24186,1.4693,-1.8456,2.2233,0.25348,1.5188,1.2053
0.93,5.0371,-0.39667,-0.76698,0.69508,-0.058899,0.67346,0.24464,1.4192,-1.8174,2.1986,0.27659,1.5363,1.2388
0.94,5.0662,-0.40028,-0.78316,0.68872,-0.05614,0.6792,0.24739,1.3691,-1.7892,2.1739,0.2997,1.5538,1.2724
0.95,5.0921,-0.4031,-0.79943,0.68182,-0.052548,0.68532,0.25039,1.3213,-1.7565,2.1467,0.3074,1.5712,1.3162
0.96,5.1179,-0.40589,-0.81569,0.67482,-0.048916,0.69139,0.25338,1.2735,-1.7236,2.1194,0.31445,1.5886,1.3604
0.97,5.1417,-0.40809,-0.8319,0.66738,-0.044885,0.69758,0.25685,1.2281,-1.6889,2.0893,0.30488,1.6066,1.4099
0.98,5.1651,-0.41018,-0.8481,0.65979,-0.040768,0.70371,0.2604,1.1833,-1.6537,2.0586,0.29191,1.6247,1.4605
0.99,5.1884,-0.41227,-0.86429,0.65211,-0.036646,0.70976,0.26392,1.1384,-1.6186,2.0279,0.27894,1.6428,1.511
1,5.2118,-0.41436,-0.88049,0.64435,-0.03252,0.71572,0.26741,1.0936,-1.5835,1.9972,0.26598,1.6609,1.5616
1.01,5.2351,-0.41645,-0.89668,0.6365,-0.028389,0.72159,0.27086,1.0487,-1.5484,1.9665,0.25301,1.679,1.6121
1.02,5.2548,-0.41732,-0.91254,0.6278,-0.024039,0.72741,0.27599,1.0107,-1.512,1.9292,0.19925,1.6995,1.6685
1.03,5.273,-0.41773,-0.92826,0.61869,-0.019602,0.73312,0.28174,0.97528,-1.4752,1.8893,0.13,1.7209,1.7271
1.04,5.2913,-0.41814,-0.94398,0.60948,-0.015163,0.73871,0.28743,0.93986,-1.4385,1.8495,0.06075,1.7424,1.7857
1.05,5.3095,-0.41855,-0.95971,0.60016,-0.010721,0.74417,0.29308,0.90443,-1.4017,1.8097,-0.0084988,1.7638,1.8443
1.06,5.3277,-0.41896,-0.97543,0.59075,-0.0062766,0.74951,0.29867,0.86901,-1.3649,1.7699,-0.077748,1.7852,1.9028
1.07,5.346,-0.41937,-0.99115,0.58124,-0.0018315,0.75473,0.30422,0.83358,-1.3281,1.7301,-0.147,1.8066,1.9614
1.08,5.3642,-0.41979,-1.0069,0.57162,0.0026139,0.75981,0.30972,0.79816,-1.2913,1.6903,-0.21625,1.8281,2.02
1.09,5.3824,-0.4202,-1.0226,0.56192,0.0070588,0.76477,0.31516,0.76273,-1.2545,1.6504,-0.28549,1.8495,2.0786
1.1,5.4007,-0.42061,-1.0383,0.55211,0.011503,0.7696,0.32055,0.7273,-1.2178,1.6106,-0.35474,1.8709,2.1372
1.11,5.4148,-0.41942,-1.0532,0.54126,0.015504,0.77373,0.32885,0.70363,-1.1808,1.5652,-0.46579,1.8948,2.1963
1.12,5.4265,-0.4173,-1.0676,0.52973,0.019245,0.77733,0.33878,0.68679,-1.1437,1.5164,-0.60115,1.9202,2.2558
1.13,5.4383,-0.41517,-1.082,0.51806,0.022981,0.78073,0.34863,0.66995,-1.1066,1.4676,-0.73652,1.9455,2.3152
1.14,5.45,-0.41305,-1.0964,0.50625,0.026711,0.78393,0.35839,0.65311,-1.0695,1.4189,-0.87189,1.9709,2.3747
1.15,5.4618,-0.41093,-1.1108,0.49432,0.030434,0.78693,0.36806,0.63627,-1.0323,1.3701,-1.0073,1.9962,2.4342
1.16,5.4735,-0.40881,-1.1252,0.48225,0.034149,0.78972,0.37763,0.61943,-0.99524,1.3213,-1.1426,2.0216,2.4936
1.17,5.4852,-0.40669,-1.1396,0.47006,0.037856,0.79231,0.38711,0.60259,-0.95813,1.2726,-1.278,2.0469,2.5531
1.18,5.497,-0.40456,-1.154,0.45775,0.041552,0.79469,0.39648,0.58575,-0.92103,1.2238,-1.4134,2.0723,2.6125
1.19,5.505,-0.4008,-1.1672,0.44442,0.044418,0.79573,0.40907,0.58305,-0.88299,1.1739,-1.572,2.0982,2.6687
1.2,5.5127,-0.39689,-1.1804,0.43085,0.047193,0.79638,0.42181,0.58163,-0.84486,1.1239,-1.7327,2.1242,2.7245
1.21,5.5179,-0.39186,-1.1924,0.41654,0.049409,0.7959,0.43658,0.59124,-0.80505,1.0781,-1.8954,2.1538,2.7736
1.22,5.5225,-0.38653,-1.2042,0.40189,0.051457,0.79484,0.45174,0.60384,-0.76478,1.0335,-2.0587,2.1843,2.821
1.23,5.527,-0.3812,-1.216,0.38705,0.053481,0.79343,0.4667,0.61643,-0.72452,0.98891,-2.2219,2.2149,2.8683
1.24,5.5316,-0.37587,-1.2278,0.37205,0.055481,0.79165,0.48144,0.62902,-0.68425,0.94429,-2.3852,2.2454,2.9157
1.25,5.5362,-0.37054,-1.2395,0.35687,0.057457,0.78952,0.49597,0.64162,-0.64398,0.89967,-2.5484,2.2759,2.963
1.26,5.5361,-0.36323,-1.2488,0.34145,0.058592,0.78524,0.51321,0.67836,-0.60186,0.87056,-2.6849,2.2722,2.9753
1.27,5.534,-0.35499,-1.2568,0.32577,0.059315,0.77966,0.5315,0.72636,-0.55886,0.84869,-2.809,2.2526,2.9714
1.28,5.5318,-0.34676,-1.2649,0.3099,0.060001,0.77359,0.54946,0.77435,-0.51586,0.82681,-2.9331,2.233,2.9675
1.29,5.5297,-0.33852,-1.273,0.29384,0.060651,0.76706,0.5671,0.82234,-0.47287,0.80493,-3.0571,2.2134,2.9635
1.3,5.5275,-0.33028,-1.281,0.2776,0.061263,0.76006,0.58438,0.87034,-0.42987,0.78306,-3.1812,2.1938,2.9596
1.31,5.5253,-0.32205,-1.2891,0.26119,0.061838,0.75259,0.6013,0.91833,-0.38688,0.76118,-3.3053,2.1741,2.9556
1.32,5.5232,-0.31381,-1.2971,0.24462,0.062376,0.74466,0.61786,0.96632,-0.34388,0.7393,-3.4293,2.1545,2.9517
1.33,5.521,-0.30558,-1.3052,0.2279,0.062875,0.73628,0.63404,1.0143,-0.30089,0.71743,-3.5534,2.1349,2.9477
1.34,5.5189,-0.29734,-1.3133,0.21104,0.063335,0.72744,0.64983,1.0623,-0.25789,0.69555,-3.6775,2.1153,2.9438
1.35,5.5114,-0.2876,-1.3176,0.19577,0.063481,0.71659,0.66644,1.1342,-0.21828,0.69445,-3.7468,2.0515,2.894
1.36,5.5003,-0.27681,-1.3193,0.18158,0.063395,0.70419,0.68347,1.2227,-0.18102,0.7078,-3.7779,1.957,2.8122
1.37,5.4892,-0.26602,-1.321,0.16727,0.063267,0.69133,0.70006,1.3113,-0.14376,0.72116,-3.8091,1.8626,2.7305
1.38,5.4781,-0.25523,-1.3227,0.15286,0.063099,0.67803,0.71619,1.3998,-0.1065,0.73452,-3.8402,1.7681,2.6487
1.39,5.467,-0.24443,-1.3244,0.13835,0.06289,0.66429,0.73186,1.4883,-0.069235,0.74787,-3.8714,1.6736,2.567
1.4,5.4559,-0.23364,-1.3261,0.12374,0.062641,0.65012,0.74706,1.5768,-0.031974,0.76123,-3.9025,1.5791,2.4853
1.41,5.4448,-0.22285,-1.3279,0.10906,0.062351,0.63553,0.76178,1.6654,0.0052873,0.77458,-3.9337,1.4847,2.4035
1.42,5.4337,-0.21206,-1.3296,0.094307,0.062021,0.62054,0.77601,1.7539,0.042548,0.78794,-3.9648,1.3902,2.3218
1.43,5.4176,-0.20084,-1.3271,0.082827,0.062095,0.60507,0.78941,1.8556,0.070437,0.81749,-3.9347,1.2971,2.2084
1.44,5.4007,-0.18956,-1.324,0.071778,0.062198,0.58926,0.80234,1.9591,0.096985,0.84935,-3.8957,1.2043,2.0906
1.45,5.3808,-0.17842,-1.3184,0.062598,0.062184,0.57382,0.81422,2.0674,0.12079,0.8856,-3.8348,1.1175,1.9597
1.46,5.3599,-0.16733,-1.3118,0.054042,0.062113,0.55834,0.82552,2.1773,0.14365,0.92336,-3.7663,1.0329,1.8243
1.47,5.339,-0.15624,-1.3053,0.045462,0.062015,0.54262,0.83645,2.2873,0.16652,0.96112,-3.6978,0.94827,1.6889
1.48,5.3181,-0.14514,-1.2987,0.036862,0.061889,0.52666,0.84702,2.3972,0.18939,0.99888,-3.6293,0.86362,1.5535
1.49,5.2971,-0.13405,-1.2922,0.028246,0.061736,0.51046,0.85721,2.5072,0.21225,1.0366,-3.5608,0.77898,1.4181
1.5,5.2712,-0.12403,-1.2814,0.022683,0.061318,0.49553,0.86613,2.6182,0.23221,1.0772,-3.4942,0.72471,1.2963
1.51,5.2423,-0.11462,-1.2683,0.018838,0.060745,0.48128,0.87426,2.7299,0.25054,1.1193,-3.4287,0.68754,1.182
1.52,5.2135,-0.1052,-1.2551,0.014987,0.060156,0.46689,0.88214,2.8416,0.26887,1.1615,-3.3632,0.65037,1.0678
1.53,5.1847,-0.095791,-1.242,0.011133,0.059549,0.45236,0.88977,2.9533,0.28719,1.2036,-3.2977,0.6132,0.95351
1.54,5.1558,-0.086377,-1.2288,0.007275,0.058926,0.43771,0.89715,3.065,0.30552,1.2458,-3.2323,0.57602,0.83926
1.55,5.127,-0.076963,-1.2157,0.0034152,0.058285,0.42294,0.90428,3.1767,0.32385,1.2879,-3.1668,0.53885,0.725
1.56,5.0982,-0.067549,-1.2025,-0.00044568,0.057628,0.40804,0.91114,3.2884,0.34217,1.3301,-3.1013,0.50168,0.61075
1.57,5.0694,-0.058135,-1.1894,-0.0043064,0.056955,0.39303,0.91775,3.4001,0.3605,1.3722,-3.0358,0.4645,0.49649
1.58,5.0405,-0.048721,-1.1762,-0.0081659,0.056265,0.3779,0.9241,3.5117,0.37883,1.4143,-2.9703,0.42733,0.38224
1.59,5.0068,-0.040935,-1.1597,-0.010117,0.055076,0.36395,0.92973,3.6185,0.39337,1.4563,-2.9207,0.41365,0.30321
1.6,4.969,-0.034495,-1.1403,-0.010488,0.053475,0.35099,0.93479,3.721,0.40479,1.4981,-2.8842,0.41942,0.25334
1.61,4.9312,-0.028056,-1.121,-0.010857,0.051863,0.33795,0.93967,3.8236,0.41621,1.5399,-2.8478,0.42518,0.20347
1.62,4.8934,-0.021616,-1.1017,-0.011223,0.050241,0.32485,0.94436,3.9262,0.42762,1.5818,-2.8114,0.43095,0.1536
1.63,4.8556,-0.015177,-1.0823,-0.011588,0.048609,0.31169,0.94887,4.0288,0.43904,1.6236,-2.7749,0.43671,0.10374
1.64,4.8178,-0.0087377,-1.063,-0.01195,0.046968,0.29846,0.95319,4.1313,0.45046,1.6654,-2.7385,0.44247,0.053867
1.65,4.78,-0.0022983,-1.0437,-0.01231,0.045317,0.28518,0.95732,4.2339,0.46187,1.7072,-2.702,0.44824,0.0039979
1.66,4.7422,0.0041411,-1.0243,-0.012668,0.043658,0.27184,0.96127,4.3365,0.47329,1.749,-2.6656,0.454,-0.045871
1.67,4.7002,0.0090962,-1.003,-0.012574,0.04155,0.25894,0.96492,4.432,0.47645,1.7913,-2.6174,0.46175,-0.06794
1.68,4.6573,0.013752,-0.98133,-0.012388,0.039345,0.24609,0.96837,4.5262,0.47795,1.8336,-2.567,0.46989,-0.084412
1.69,4.612,0.017495,-0.95881,-0.0121,0.037013,0.23388,0.97149,4.6158,0.47403,1.8728,-2.5235,0.47994,-0.088848
1.7,4.5657,0.020851,-0.93594,-0.011768,0.034624,0.22193,0.97438,4.7036,0.46782,1.9108,-2.4831,0.49079,-0.088188
1.71,4.5193,0.024207,-0.91308,-0.011433,0.032229,0.20995,0.97711,4.7913,0.46161,1.9487,-2.4426,0.50164,-0.087527
1.72,4.4729,0.027563,-0.89022,-0.011097,0.02983,0.19793,0.9797,4.8791,0.4554,1.9866,-2.4022,0.5125,-0.086867
1.73,4.4265,0.030919,-0.86735,-0.010759,0.027425,0.18588,0.98213,4.9668,0.44919,2.0245,-2.3617,0.52335,-0.086207
1.74,4.3763,0.033058,-0.84404,-0.010652,0.024768,0.17485,0.98423,5.0464,0.43385,2.0579,-2.3095,0.53614,-0.079317
1.75,4.3235,0.034377,-0.82041,-0.0107,0.02194,0.16452,0.98607,5.1204,0.41237,2.0882,-2.2494,0.55023,-0.068226
1.76,4.2706,0.035695,-0.79679,-0.010748,0.019109,0.15416,0.9878,5.1944,0.39089,2.1185,-2.1893,0.56433,-0.057135
1.77,4.2178,0.037014,-0.77317,-0.010794,0.016276,0.14379,0.98942,5.2684,0.3694,2.1488,-2.1292,0.57842,-0.046045
1.78,4.165,0.038333,-0.74955,-0.010839,0.013441,0.1334,0.99091,5.3425,0.34792,2.179,-2.0691,0.59251,-0.034954
1.79,4.1121,0.039652,-0.72593,-0.010882,0.010604,0.12299,0.99229,5.4165,0.32643,2.2093,-2.0089,0.6066,-0.023864
1.8,4.0593,0.04097,-0.70231,-0.010925,0.0077659,0.11257,0.99355,5.4905,0.30495,2.2396,-1.9488,0.6207,-0.012773
1.81,4.0064,0.042289,-0.67868,-0.010966,0.004927,0.10213,0.9947,5.5645,0.28347,2.2699,-1.8887,0.63479,-0.0016825
1.82,3.9536,0.043608,-0.65506,-0.011005,0.0020876,0.091688,0.99572,5.6385,0.26198,2.3002,-1.8286,0.64888,0.0094081
1.83,3.8974,0.044093,-0.63193,-0.011255,-0.0011117,0.082791,0.9965,5.7032,0.2375,2.327,-1.7532,0.66661,0.015723
1.84,3.8378,0.04376,-0.60927,-0.011712,-0.0046639,0.075419,0.99707,5.7587,0.21008,2.3503,-1.6628,0.68791,0.017348
1.85,3.7783,0.043426,-0.58661,-0.012168,-0.0082158,0.068042,0.99757,5.8142,0.18265,2.3737,-1.5724,0.70922,0.018974
1.86,3.7187,0.043093,-0.56395,-0.012623,-0.011767,0.060661,0.99801,5.8697,0.15523,2.397,-1.482,0.73052,0.020599
1.87,3.6592,0.04276,-0.54129,-0.013077,-0.015318,0.053275,0.99838,5.9252,0.1278,2.4204,-1.3916,0.75182,0.022225
1.88,3.5996,0.042426,-0.51863,-0.013531,-0.018867,0.045886,0.99868,5.9807,0.10038,2.4438,-1.3011,0.77313,0.02385
1.89,3.5401,0.042093,-0.49597,-0.013983,-0.022415,0.038494,0.99891,6.0362,0.072955,2.4671,-1.2107,0.79443,0.025476
1.9,3.4805,0.041759,-0.47331,-0.014435,-0.025962,0.031099,0.99907,6.0917,0.045531,2.4905,-1.1203,0.81573,0.027102
1.91,3.4183,0.040982,-0.45169,-0.014784,-0.030003,0.025617,0.99911,6.1375,0.023621,2.5135,-1.0203,0.83927,0.021335
1.92,3.3554,0.040087,-0.43034,-0.015106,-0.034175,0.020642,0.99909,6.1806,0.0031776,2.5365,-0.91781,0.8634,0.013602
1.93,3.2911,0.039023,-0.40989,-0.015298,-0.038596,0.016687,0.999,6.2179,-0.012627,2.5593,-0.83198,0.88523,0.0041882
1.94,3.2261,0.037872,-0.3899,-0.015422,-0.043146,0.013257,0.99886,6.2521,-0.026041,2.582,-0.75474,0.90589,-0.0060912
1.95,3.1611,0.036721,-0.3699,-0.015546,-0.047694,0.0098267,0.99869,6.2863,-0.039456,2.6047,-0.67751,0.92654,-0.016371
1.96,3.0961,0.03557,-0.34991,-0.015669,-0.052241,0.0063961,0.99849,6.3205,-0.05287,2.6274,-0.60028,0.94719,-0.02665
1.97,3.0311,0.034418,-0.32991,-0.015792,-0.056786,0.0029652,0.99826,6.3547,-0.066285,2.6501,-0.52304,0.96784,-0.036929
1.98,2.9643,0.033153,-0.31175,-0.01565,-0.06177,0.00059917,0.99797,6.3783,-0.073238,2.6738,-0.46692,0.98744,-0.046359
1.99,2.8961,0.031796,-0.29505,-0.015295,-0.067104,-0.00091228,0.99763,6.3935,-0.075008,2.6984,-0.42773,1.0062,-0.055108
2,2.828,0.030439,-0.27835,-0.014939,-0.072436,-0.0024237,0.99726,6.4086,-0.076777,2.7229,-0.38854,1.0249,-0.063857
2.01,2.7598,0.029082,-0.26166,-0.014583,-0.077766,-0.003935,0.99686,6.4237,-0.078546,2.7474,-0.34935,1.0437,-0.072605
2.02,2.6916,0.027725,-0.24496,-0.014227,-0.083094,-0.0054463,0.99643,6.4389,-0.080316,2.7719,-0.31016,1.0624,-0.081354
2.03,2.6234,0.026368,-0.22826,-0.01387,-0.088419,-0.0069573,0.99596,6.454,-0.082085,2.7965,-0.27097,1.0812,-0.090102
2.04,2.5552,0.025011,-0.21157,-0.013513,-0.093741,-0.0084681,0.99547,6.4692,-0.083854,2.821,-0.23178,1.0999,-0.098851
2.05,2.487,0.023654,-0.19487,-0.013155,-0.09906,-0.0099787,0.99494,6.4843,-0.085623,2.8455,-0.19259,1.1186,-0.1076
2.06,2.4188,0.022297,-0.17817,-0.012797,-0.10438,-0.011489,0.99439,6.4994,-0.087393,2.87,-0.1534,1.1374,-0.11635
2.07,2.3496,0.020986,-0.16365,-0.012308,-0.10983,-0.012542,0.9938,6.5058,-0.086573,2.8921,-0.12698,1.1424,-0.12007
2.08,2.2792,0.019728,-0.15164,-0.011666,-0.11544,-0.013063,0.99316,6.5019,-0.082739,2.9112,-0.11542,1.1315,-0.11796
2.09,2.2088,0.01847,-0.13964,-0.011024,-0.12105,-0.013583,0.99249,6.498,-0.078905,2.9303,-0.10386,1.1205,-0.11584
2.1,2.1384,0.017212,-0.12764,-0.010381,-0.12665,-0.014103,0.99179,6.4941,-0.075072,2.9494,-0.092306,1.1096,-0.11372
2.11,2.0681,0.015955,-0.11564,-0.0097382,-0.13225,-0.014623,0.99106,6.4902,-0.071238,2.9685,-0.080747,1.0986,-0.1116
2.12,1.9977,0.014697,-0.10364,-0.009095,-0.13785,-0.015142,0.9903,6.4863,-0.067404,2.9876,-0.069188,1.0877,-0.10948
2.13,1.9273,0.013439,-0.091637,-0.0084515,-0.14344,-0.015661,0.9895,6.4824,-0.06357,3.0067,-0.057629,1.0768,-0.10736
2.14,1.8569,0.012182,-0.079635,-0.0078077,-0.14903,-0.016179,0.98867,6.4785,-0.059736,3.0258,-0.04607,1.0658,-0.10524
2.15,1.7862,0.011063,-0.069889,-0.0072677,-0.1542,-0.016533,0.98787,6.4702,-0.057629,3.0351,-0.033717,1.016,-0.097475
2.16,1.7153,0.0099916,-0.060904,-0.0067628,-0.15923,-0.016832,0.98707,6.4605,-0.056106,3.0411,-0.021095,0.95309,-0.087804
2.17,1.6445,0.009014,-0.053011,-0.006313,-0.16346,-0.016965,0.98638,6.4537,-0.0547,3.035,-0.0069764,0.85539,-0.079223
2.18,1.5737,0.0080948,-0.045794,-0.0058974,-0.16718,-0.016996,0.98576,6.4487,-0.053366,3.0215,0.0080688,0.73616,-0.071316
2.19,1.5028,0.0071755,-0.038577,-0.0054818,-0.1709,-0.017026,0.98513,6.4436,-0.052032,3.008,0.023114,0.61692,-0.063409
2.2,1.4321,0.0063298,-0.032155,-0.0050971,-0.1736,-0.016949,0.98466,6.4433,-0.050655,2.9825,0.038674,0.48473,-0.056735
2.21,1.3617,0.0056964,-0.028029,-0.0048022,-0.17336,-0.016563,0.98471,6.4564,-0.049154,2.9222,0.055721,0.31519,-0.053623
2.22,1.2912,0.005063,-0.023902,-0.0045072,-0.17311,-0.016176,0.98476,6.4695,-0.047652,2.862,0.072767,0.14565,-0.05051
2.23,1.2208,0.0044297,-0.019776,-0.0042122,-0.17287,-0.01579,0.98481,6.4825,-0.046151,2.8017,0.089814,-0.023891,-0.047397
2.24,1.1503,0.0037963,-0.01565,-0.0039172,-0.17262,-0.015403,0.98486,6.4956,-0.044649,2.7414,0.10686,-0.19343,-0.044284
2.25,1.0798,0.0031629,-0.011523,-0.0036222,-0.17238,-0.015016,0.98491,6.5087,-0.043148,2.6812,0.12391,-0.36297,-0.041171
2.26,1.0094,0.0025295,-0.0073971,-0.0033273,-0.17213,-0.01463,0.98496,6.5218,-0.041646,2.6209,0.14095,-0.53252,-0.038058
2.27,0.93921,0.0021161,-0.0052032,-0.0030441,-0.16937,-0.01383,0.98545,6.543,-0.03909,2.5423,0.15771,-0.62748,-0.035809
2.28,0.86921,0.0018457,-0.0042658,-0.0027687,-0.16496,-0.012762,0.98621,6.5695,-0.035847,2.4517,0.17427,-0.67395,-0.034122
2.29,0.79922,0.0015754,-0.0033285,-0.0024931,-0.16054,-0.011694,0.98696,6.596,-0.032605,2.3612,0.19084,-0.72041,-0.032434
2.3,0.72922,0.001305,-0.0023911,-0.0022176,-0.15613,-0.010625,0.98768,6.6225,-0.029362,2.2706,0.20741,-0.76688,-0.030747
2.31,0.65922,0.0010346,-0.0014538,-0.0019419,-0.15171,-0.0095556,0.98838,6.649,-0.02612,2.18,0.22397,-0.81335,-0.029059
2.32,0.58922,0.0007642,-0.00051643,-0.0016663,-0.14729,-0.0084864,0.98906,6.6755,-0.022877,2.0895,0.24054,-0.85982,-0.027372
2.33,0.51923,0.00049381,0.00042093,-0.0013906,-0.14286,-0.007417,0.98971,6.7019,-0.019635,1.9989,0.2571,-0.90628,-0.025684
2.34,0.44925,0.00027354,0.001097,-0.0011291,-0.13871,-0.0063316,0.99031,6.7253,-0.016432,1.9185,0.26394,-0.91144,-0.023425
2.35,0.37933,0.00022007,0.00090317,-0.0009153,-0.13547,-0.0051938,0.99077,6.7384,-0.013363,1.8721,0.23839,-0.77904,-0.019265
2.36,0.30941,0.00016661,0.00070935,-0.00070146,-0.13224,-0.0040558,0.99121,6.7514,-0.010294,1.8257,0.21284,-0.64665,-0.015104
2.37,0.23948,0.00011314,0.00051553,-0.00048762,-0.129,-0.0029179,0.99164,6.7644,-0.0072247,1.7792,0.18729,-0.51426,-0.010943
2.38,0.16956,5.968e-05,0.00032171,-0.00027376,-0.12576,-0.0017799,0.99206,6.7774,-0.0041555,1.7328,0.16173,-0.38186,-0.0067819
2.39,0.099641,6.2162e-06,0.00012789,-5.9908e-05,-0.12252,-0.00064185,0.99247,6.7905,-0.0010863,1.6863,0.13618,-0.24947,-0.002621
2.4,0.029718,1.0624e-06,3.6464e-05,-1.2667e-05,-0.12187,-0.00018005,0.99255,6.7924,-0.00028681,1.6879,0.041745,-0.075092,-0.00074428
