0,0,0,0,0.99892,-2.139e-15,0.046429,-3.3699e-22,12.944,0,1.2047,0,0,0
0.01,0.12982,1.7969e-05,7.183e-06,0.99891,-0.0003653,0.046586,-9.541e-05,12.935,0.0057497,1.213,-0.16765,0.077262,-0.049113
0.02,0.25949,0.00020942,0.00026572,0.99881,-0.0030481,0.048715,-0.0012911,12.914,0.050591,1.2894,-0.52685,0.46976,-0.29294
0.03,0.38916,0.00040086,0.00052425,0.99869,-0.0057308,0.050843,-0.0024867,12.893,0.095432,1.3659,-0.88605,0.86225,-0.53677
0.04,0.51836,0.0011038,0.0010189,0.99814,-0.014267,0.058888,-0.0070062,12.837,0.2115,1.569,-1.4855,1.3819,-0.84103
0.05,0.64743,0.0019446,0.0015772,0.99727,-0.024378,0.068516,-0.01242,12.771,0.34675,1.8062,-2.1497,1.9359,-1.1616
0.06,0.77649,0.0027854,0.0021355,0.99619,-0.034484,0.078129,-0.017831,12.705,0.48201,2.0434,-2.8139,2.4898,-1.4821
0.07,0.90486,0.0035063,0.0014935,0.9943,-0.050809,0.090496,-0.024233,12.613,0.59023,2.304,-3.5025,2.8436,-1.688
0.08,1.0323,0.0040649,-0.00077306,0.99092,-0.075524,0.10655,-0.031963,12.486,0.66186,2.5964,-4.2242,2.9266,-1.7386
0.09,1.1597,0.0046236,-0.0030397,0.9866,-0.10017,0.1225,-0.039664,12.358,0.73349,2.8888,-4.9458,3.0095,-1.7893
0.1,1.2872,0.0051822,-0.0053062,0.98136,-0.12472,0.13834,-0.047327,12.231,0.80512,3.1812,-5.6675,3.0925,-1.84
0.11,1.4141,0.0051637,-0.0085342,0.9751,-0.15025,0.15371,-0.054573,12.104,0.85251,3.4498,-6.2881,3.1308,-1.8701
0.12,1.5377,0.0013625,-0.018063,0.96709,-0.18278,0.16674,-0.059314,11.985,0.74099,3.5617,-6.2462,2.8767,-1.7659
0.13,1.6614,-0.0024386,-0.027592,0.95782,-0.21507,0.17955,-0.063977,11.866,0.62948,3.6736,-6.2042,2.6227,-1.6617
0.14,1.785,-0.0062398,-0.037122,0.94728,-0.24708,0.19213,-0.068555,11.748,0.51797,3.7855,-6.1623,2.3686,-1.5574
0.15,1.9086,-0.010041,-0.046651,0.9355,-0.27876,0.20445,-0.073044,11.629,0.40645,3.8974,-6.1204,2.1145,-1.4532
0.16,2.0313,-0.015312,-0.057254,0.92328,-0.3084,0.21563,-0.077123,11.519,0.29333,3.9786,-5.9731,1.8771,-1.3498
0.17,2.1491,-0.028311,-0.073503,0.91444,-0.32894,0.222,-0.079488,11.458,0.17172,3.8979,-5.2719,1.7276,-1.2507
0.18,2.2668,-0.041311,-0.089752,0.9051,-0.34929,0.22825,-0.081809,11.397,0.050111,3.8173,-4.5707,1.578,-1.1516
0.19,2.3845,-0.054311,-0.106,0.89526,-0.36946,0.23437,-0.084086,11.335,-0.071496,3.7366,-3.8695,1.4284,-1.0525
0.2,2.5023,-0.06731,-0.12225,0.88494,-0.38943,0.24037,-0.086317,11.274,-0.1931,3.6559,-3.1683,1.2789,-0.95342
0.21,2.62,-0.08031,-0.1385,0.87413,-0.40918,0.24624,-0.088501,11.213,-0.31471,3.5753,-2.4672,1.1293,-0.85433
0.22,2.7327,-0.10165,-0.15748,0.86935,-0.41569,0.25044,-0.093322,11.162,-0.34046,3.4973,-1.8968,1.1543,-0.84749
0.23,2.844,-0.12513,-0.17717,0.86614,-0.41883,0.25422,-0.09882,11.113,-0.34165,3.42,-1.3599,1.2239,-0.86428
0.24,2.9554,-0.14861,-0.19685,0.86286,-0.42193,0.25798,-0.10431,11.064,-0.34284,3.3428,-0.82298,1.2936,-0.88106
0.25,3.0667,-0.17208,-0.21653,0.85954,-0.42501,0.26173,-0.1098,11.015,-0.34403,3.2655,-0.28609,1.3633,-0.89785
0.26,3.178,-0.19556,-0.23622,0.85616,-0.42806,0.26546,-0.11528,10.966,-0.34522,3.1883,0.2508,1.4329,-0.91464
0.27,3.2871,-0.22236,-0.25663,0.85352,-0.42902,0.26945,-0.12187,10.916,-0.32779,3.1302,0.59834,1.4925,-0.92626
0.28,3.392,-0.25524,-0.27838,0.85226,-0.42613,0.27392,-0.13052,10.862,-0.27624,3.1074,0.59879,1.5337,-0.9284
0.29,3.4969,-0.28813,-0.30014,0.85091,-0.4232,0.27836,-0.13916,10.807,-0.2247,3.0846,0.59925,1.5748,-0.93054
0.3,3.6019,-0.32101,-0.32189,0.84947,-0.42023,0.28278,-0.14779,10.753,-0.17315,3.0618,0.59971,1.6159,-0.93268
0.31,3.7068,-0.3539,-0.34364,0.84795,-0.41721,0.28716,-0.15639,10.699,-0.1216,3.039,0.60017,1.6571,-0.93482
0.32,3.8108,-0.38799,-0.36563,0.84628,-0.41425,0.29159,-0.16485,10.645,-0.074475,3.017,0.59978,1.6909,-0.93023
0.33,3.9093,-0.42909,-0.38893,0.84423,-0.41188,0.29644,-0.17253,10.593,-0.053023,2.9993,0.5945,1.6825,-0.88649
0.34,4.0079,-0.47018,-0.41224,0.84209,-0.40946,0.30125,-0.18019,10.54,-0.031572,2.9816,0.58923,1.674,-0.84275
0.35,4.1064,-0.51128,-0.43555,0.83988,-0.40701,0.30604,-0.18784,10.487,-0.01012,2.9639,0.58395,1.6656,-0.79902
0.36,4.205,-0.55238,-0.45886,0.83759,-0.40452,0.3108,-0.19546,10.434,0.011332,2.9462,0.57867,1.6572,-0.75528
0.37,4.3007,-0.59653,-0.48268,0.83539,-0.40166,0.31562,-0.20292,10.383,0.028206,2.9303,0.58124,1.6493,-0.7252
0.38,4.3934,-0.644,-0.50706,0.83329,-0.39839,0.3205,-0.2102,10.334,0.040126,2.9165,0.5923,1.6422,-0.70988
0.39,4.4862,-0.69147,-0.53143,0.83112,-0.3951,0.32535,-0.21746,10.284,0.052047,2.9026,0.60336,1.635,-0.69457
0.4,4.5789,-0.73894,-0.5558,0.82887,-0.39176,0.33017,-0.22469,10.235,0.063967,2.8888,0.61442,1.6278,-0.67926
0.41,4.6687,-0.78933,-0.58066,0.82675,-0.38838,0.33473,-0.23152,10.189,0.066817,2.8684,0.65616,1.5903,-0.64205
0.42,4.7567,-0.84147,-0.60581,0.82468,-0.38496,0.33914,-0.23809,10.144,0.064209,2.844,0.71637,1.5344,-0.59166
0.43,4.8448,-0.89362,-0.63096,0.82255,-0.38151,0.34351,-0.24465,10.099,0.0616,2.8197,0.77658,1.4785,-0.54127
0.44,4.9302,-0.94804,-0.6564,0.82098,-0.37698,0.34754,-0.25119,10.057,0.061537,2.7976,0.88656,1.4843,-0.53722
0.45,5.0148,-1.0032,-0.68196,0.81947,-0.37218,0.35145,-0.25775,10.016,0.061288,2.7751,0.93386,1.4694,-0.52375
0.46,5.0968,-1.0606,-0.70786,0.81809,-0.3672,0.35512,-0.26416,9.9762,0.05638,2.7495,0.95757,1.4155,-0.48328
0.47,5.1785,-1.1182,-0.73378,0.81673,-0.36213,0.3587,-0.27046,9.9374,0.051221,2.7242,1.0639,1.394,-0.46044
0.48,5.2566,-1.1786,-0.76011,0.81587,-0.35623,0.36176,-0.27674,9.9018,0.046082,2.6974,1.1365,1.3627,-0.4403
0.49,5.3337,-1.2397,-0.78655,0.81511,-0.35006,0.36465,-0.283,9.8672,0.040948,2.6703,1.1995,1.3286,-0.42095
0.5,5.4108,-1.3009,-0.81299,0.81428,-0.34386,0.3675,-0.28923,9.8325,0.035814,2.6431,1.2624,1.2945,-0.40159
0.51,5.4879,-1.3621,-0.83944,0.81338,-0.33763,0.37032,-0.29544,9.7979,0.030681,2.616,1.3253,1.2604,-0.38223
0.52,5.5629,-1.4246,-0.86611,0.81263,-0.33115,0.37286,-0.30157,9.765,0.025166,2.5885,1.3797,1.2271,-0.36479
0.53,5.6325,-1.4907,-0.89341,0.81246,-0.32401,0.37465,-0.30753,9.7369,0.018609,2.56,1.4105,1.196,-0.35257
0.54,5.7021,-1.5569,-0.92072,0.8122,-0.31684,0.37641,-0.31346,9.7087,0.012051,2.5314,1.4414,1.1649,-0.34034
0.55,5.7717,-1.6231,-0.94802,0.81188,-0.30964,0.37814,-0.31936,9.6806,0.0054939,2.5029,1.4722,1.1338,-0.32812
0.56,5.8413,-1.6892,-0.97532,0.81148,-0.30241,0.37983,-0.32523,9.6524,-0.0010634,2.4744,1.5031,1.1027,-0.3159
0.57,5.9109,-1.7554,-1.0026,0.81101,-0.29516,0.38149,-0.33107,9.6243,-0.0076208,2.4458,1.5339,1.0716,-0.30368
0.58,5.9805,-1.8216,-1.0299,0.81047,-0.28788,0.38312,-0.33688,9.5961,-0.014178,2.4173,1.5648,1.0405,-0.29146
0.59,6.0427,-1.8918,-1.0582,0.8104,-0.28028,0.38396,-0.34244,9.5728,-0.021347,2.3916,1.579,1.0157,-0.28351
0.6,6.1034,-1.9628,-1.0866,0.81038,-0.2726,0.38461,-0.34792,9.5505,-0.028643,2.3664,1.5897,0.99229,-0.27644
0.61,6.1641,-2.0338,-1.1151,0.81029,-0.2649,0.38522,-0.35336,9.5282,-0.03594,2.3413,1.6004,0.96885,-0.26938
0.62,6.2248,-2.1048,-1.1435,0.81012,-0.25717,0.38581,-0.35878,9.5058,-0.043236,2.3162,1.6112,0.94541,-0.26231
0.63,6.2855,-2.1759,-1.172,0.80988,-0.24942,0.38635,-0.36416,9.4835,-0.050532,2.291,1.6219,0.92198,-0.25524
0.64,6.3463,-2.2469,-1.2004,0.80957,-0.24165,0.38687,-0.36951,9.4612,-0.057829,2.2659,1.6326,0.89854,-0.24818
0.65,6.407,-2.3179,-1.2288,0.80918,-0.23385,0.38735,-0.37483,9.4389,-0.065125,2.2408,1.6434,0.87511,-0.24111
0.66,6.4657,-2.3898,-1.2576,0.80883,-0.22604,0.38764,-0.38005,9.4174,-0.072355,2.2173,1.6523,0.8538,-0.2342
0.67,6.5177,-2.4645,-1.2874,0.80873,-0.21819,0.38743,-0.38502,9.3987,-0.079364,2.1991,1.6555,0.83951,-0.22779
0.68,6.5698,-2.5391,-1.3172,0.80857,-0.21032,0.38719,-0.38996,9.3799,-0.086374,2.181,1.6587,0.82522,-0.22137
0.69,6.6218,-2.6138,-1.347,0.80833,-0.20243,0.38691,-0.39486,9.3612,-0.093383,2.1628,1.6619,0.81092,-0.21496
0.7,6.6738,-2.6885,-1.3768,0.80803,-0.19453,0.3866,-0.39973,9.3424,-0.10039,2.1447,1.6651,0.79663,-0.20855
0.71,6.7259,-2.7632,-1.4066,0.80766,-0.18661,0.38626,-0.40456,9.3237,-0.1074,2.1265,1.6683,0.78234,-0.20214
0.72,6.7779,-2.8379,-1.4364,0.80721,-0.17868,0.38588,-0.40936,9.3049,-0.11441,2.1084,1.6715,0.76804,-0.19572
0.73,6.83,-2.9125,-1.4662,0.8067,-0.17072,0.38547,-0.41413,9.2862,-0.12142,2.0902,1.6747,0.75375,-0.18931
0.74,6.8791,-2.9881,-1.4966,0.80622,-0.16278,0.38491,-0.41876,9.2679,-0.12796,2.075,1.6758,0.74208,-0.18277
0.75,6.9238,-3.0649,-1.5279,0.80584,-0.15484,0.38414,-0.42319,9.2502,-0.13379,2.0642,1.6738,0.73432,-0.17604
0.76,6.9685,-3.1418,-1.5591,0.80538,-0.14689,0.38333,-0.4276,9.2326,-0.13963,2.0534,1.6719,0.72656,-0.16931
0.77,7.0132,-3.2186,-1.5904,0.80486,-0.13893,0.3825,-0.43196,9.2149,-0.14546,2.0427,1.67,0.7188,-0.16257
0.78,7.0579,-3.2955,-1.6217,0.80428,-0.13095,0.38163,-0.43629,9.1973,-0.1513,2.0319,1.668,0.71104,-0.15584
0.79,7.1026,-3.3723,-1.6529,0.80362,-0.12297,0.38073,-0.44059,9.1796,-0.15713,2.0211,1.6661,0.70328,-0.14911
0.8,7.1473,-3.4492,-1.6842,0.8029,-0.11497,0.3798,-0.44484,9.162,-0.16297,2.0103,1.6641,0.69552,-0.14238
0.81,7.1905,-3.5263,-1.7158,0.80215,-0.107,0.37882,-0.449,9.1442,-0.16839,2.0009,1.6607,0.68922,-0.13569
0.82,7.2297,-3.6041,-1.7485,0.80145,-0.099095,0.37777,-0.45294,9.1263,-0.17271,1.9953,1.6535,0.68676,-0.12914
0.83,7.269,-3.6819,-1.7812,0.80067,-0.091185,0.3767,-0.45684,9.1083,-0.17704,1.9897,1.6463,0.6843,-0.12258
0.84,7.3082,-3.7597,-1.8139,0.79984,-0.083268,0.3756,-0.46071,9.0903,-0.18136,1.9841,1.6391,0.68185,-0.11603
0.85,7.3474,-3.8375,-1.8465,0.79894,-0.075344,0.37446,-0.46454,9.0723,-0.18569,1.9785,1.6319,0.67939,-0.10947
0.86,7.3866,-3.9153,-1.8792,0.79798,-0.067415,0.3733,-0.46833,9.0544,-0.19001,1.9729,1.6247,0.67693,-0.10292
0.87,7.4233,-3.9932,-1.9127,0.797,-0.059571,0.37218,-0.47194,9.0358,-0.19361,1.9698,1.6114,0.67612,-0.095944
0.88,7.4591,-4.0713,-1.9464,0.79597,-0.05176,0.37106,-0.47546,9.017,-0.19692,1.9676,1.5959,0.67596,-0.088805
0.89,7.4948,-4.1493,-1.9802,0.79489,-0.043945,0.36991,-0.47895,8.9981,-0.20023,1.9654,1.5803,0.6758,-0.081666
0.9,7.53,-4.2273,-2.0142,0.79376,-0.036181,0.36877,-0.48234,8.9791,-0.20352,1.9635,1.5683,0.6766,-0.074708
0.91,7.5636,-4.3053,-2.0487,0.7926,-0.028494,0.36767,-0.48559,8.9596,-0.20644,1.9627,1.5589,0.67895,-0.067811
0.92,7.5968,-4.3832,-2.0834,0.79138,-0.0208,0.36657,-0.48878,8.9398,-0.20912,1.9625,1.5474,0.68135,-0.060762
0.93,7.6288,-4.461,-2.1187,0.79013,-0.013169,0.36553,-0.49184,8.9194,-0.21134,1.9632,1.5336,0.68483,-0.053998
0.94,7.6598,-4.5387,-2.1543,0.78883,-0.005586,0.36453,-0.4948,8.8986,-0.2132,1.9647,1.5183,0.68912,-0.047451
0.95,7.6909,-4.6164,-2.19,0.78748,0.0019973,0.36351,-0.49772,8.8777,-0.21506,1.9662,1.5029,0.69342,-0.040904
0.96,7.7219,-4.6941,-2.2256,0.78608,0.0095805,0.36247,-0.5006,8.8568,-0.21692,1.9677,1.4875,0.69772,-0.034356
0.97,7.7527,-4.7717,-2.2613,0.78462,0.01715,0.36142,-0.50344,8.8358,-0.21872,1.9693,1.472,0.70214,-0.027784
0.98,7.7803,-4.8486,-2.2987,0.78316,0.024521,0.36066,-0.50594,8.8128,-0.21961,1.9729,1.4551,0.70848,-0.020827
0.99,7.808,-4.9254,-2.336,0.78165,0.031891,0.35988,-0.50842,8.7897,-0.22049,1.9765,1.4381,0.71482,-0.01387
1,7.8356,-5.0023,-2.3733,0.78009,0.039259,0.35908,-0.51086,8.7666,-0.22137,1.9801,1.4212,0.72117,-0.0069127
1.01,7.8632,-5.0791,-2.4106,0.77848,0.046624,0.35826,-0.51327,8.7435,-0.22225,1.9837,1.4043,0.72751,4.4417e-05
1.02,7.8909,-5.1559,-2.448,0.77682,0.053986,0.35741,-0.51565,8.7204,-0.22313,1.9874,1.3874,0.73385,0.0070015
1.03,7.9185,-5.2328,-2.4853,0.77511,0.061345,0.35654,-0.51799,8.6973,-0.22401,1.991,1.3705,0.74019,0.013959
1.04,7.9438,-5.3085,-2.5241,0.7734,0.068544,0.35596,-0.52005,8.6722,-0.22409,1.9955,1.3534,0.74729,0.020194
1.05,7.9676,-5.3835,-2.5638,0.77166,0.075644,0.35553,-0.52193,8.6458,-0.22368,2.0005,1.3361,0.75486,0.025989
1.06,7.9914,-5.4586,-2.6034,0.76989,0.08274,0.35509,-0.52377,8.6194,-0.22327,2.0055,1.3189,0.76242,0.031785
1.07,8.0153,-5.5336,-2.6431,0.76807,0.089831,0.35463,-0.52559,8.5931,-0.22286,2.0105,1.3016,0.76998,0.03758
1.08,8.0391,-5.6086,-2.6828,0.7662,0.096917,0.35415,-0.52737,8.5667,-0.22245,2.0155,1.2844,0.77755,0.043375
1.09,8.0629,-5.6837,-2.7225,0.76429,0.104,0.35365,-0.52912,8.5403,-0.22204,2.0205,1.2672,0.78511,0.049171
1.1,8.0867,-5.7587,-2.7621,0.76234,0.11107,0.35313,-0.53085,8.5139,-0.22163,2.0255,1.2499,0.79267,0.054966
1.11,8.1105,-5.8336,-2.8019,0.76035,0.11813,0.3526,-0.53253,8.4874,-0.22117,2.0305,1.2326,0.80019,0.060703
1.12,8.1308,-5.9058,-2.8443,0.7584,0.12486,0.3526,-0.53378,8.4575,-0.21888,2.0347,1.212,0.80591,0.064348
1.13,8.1511,-5.9779,-2.8868,0.75641,0.13157,0.35258,-0.53499,8.4277,-0.21659,2.039,1.1914,0.81164,0.067993
1.14,8.1714,-6.0501,-2.9292,0.75438,0.13829,0.35254,-0.53619,8.3978,-0.21429,2.0432,1.1708,0.81737,0.071637
1.15,8.1917,-6.1222,-2.9716,0.75232,0.14499,0.35248,-0.53735,8.3679,-0.212,2.0474,1.1502,0.82309,0.075282
1.16,8.212,-6.1944,-3.0141,0.75022,0.15169,0.35241,-0.53849,8.338,-0.20971,2.0517,1.1295,0.82882,0.078927
1.17,8.2323,-6.2665,-3.0565,0.74808,0.15838,0.35232,-0.5396,8.3081,-0.20741,2.0559,1.1089,0.83454,0.082572
1.18,8.2527,-6.3387,-3.099,0.7459,0.16506,0.35221,-0.54068,8.2782,-0.20512,2.0602,1.0883,0.84027,0.086217
1.19,8.2724,-6.4101,-3.1419,0.74371,0.17164,0.35219,-0.54166,8.2478,-0.2026,2.0639,1.0666,0.84565,0.089522
1.2,8.29,-6.4786,-3.1871,0.74161,0.17777,0.35265,-0.54227,8.2152,-0.19916,2.0657,1.0405,0.84959,0.091426
1.21,8.3076,-6.5472,-3.2322,0.73947,0.1839,0.35308,-0.54285,8.1825,-0.19571,2.0674,1.0143,0.85354,0.09333
1.22,8.3251,-6.6157,-3.2774,0.73731,0.19003,0.3535,-0.54342,8.1499,-0.19227,2.0692,0.98808,0.85748,0.095234
1.23,8.3427,-6.6842,-3.3225,0.73511,0.19614,0.35391,-0.54396,8.1173,-0.18882,2.0709,0.96189,0.86143,0.097138
1.24,8.3603,-6.7527,-3.3677,0.73288,0.20225,0.3543,-0.54448,8.0847,-0.18537,2.0727,0.9357,0.86537,0.099042
1.25,8.3778,-6.8212,-3.4128,0.73062,0.20834,0.35468,-0.54497,8.052,-0.18193,2.0744,0.90951,0.86932,0.10095
1.26,8.3953,-6.8895,-3.4581,0.72834,0.2144,0.35507,-0.54542,8.0193,-0.17845,2.076,0.88358,0.8732,0.10277
1.27,8.411,-6.9544,-3.5055,0.72617,0.21997,0.35593,-0.54554,7.9848,-0.17447,2.0755,0.86105,0.87621,0.10351
1.28,8.4267,-7.0193,-3.5528,0.72397,0.22554,0.35677,-0.54563,7.9504,-0.1705,2.0749,0.83852,0.87922,0.10426
1.29,8.4424,-7.0842,-3.6002,0.72175,0.2311,0.3576,-0.54571,7.9159,-0.16652,2.0744,0.81599,0.88223,0.105
1.3,8.4581,-7.1491,-3.6475,0.7195,0.23665,0.35841,-0.54577,7.8814,-0.16255,2.0738,0.79346,0.88524,0.10575
1.31,8.4738,-7.214,-3.6949,0.71722,0.24219,0.35922,-0.5458,7.847,-0.15857,2.0733,0.77094,0.88825,0.10649
1.32,8.489,-7.2775,-3.743,0.71497,0.24755,0.36017,-0.54572,7.812,-0.15446,2.0719,0.74486,0.8909,0.10706
1.33,8.5036,-7.3397,-3.7917,0.71276,0.25275,0.36127,-0.54551,7.7766,-0.15022,2.0697,0.71538,0.89322,0.10747
1.34,8.5183,-7.4018,-3.8405,0.71052,0.25793,0.36235,-0.54528,7.7412,-0.14599,2.0675,0.68589,0.89553,0.10788
1.35,8.5328,-7.4637,-3.8894,0.70828,0.26306,0.36347,-0.54501,7.7057,-0.14186,2.0652,0.65969,0.8977,0.10833
1.36,8.5469,-7.524,-3.9391,0.70611,0.26791,0.3648,-0.54457,7.6698,-0.13822,2.0618,0.64006,0.89902,0.10887
1.37,8.5607,-7.5835,-3.9891,0.70396,0.27266,0.3662,-0.54405,7.6338,-0.13461,2.058,0.60766,0.90001,0.10933
1.38,8.5745,-7.6429,-4.0391,0.70179,0.2774,0.36759,-0.54353,7.5978,-0.13101,2.0541,0.57526,0.901,0.10978
1.39,8.5883,-7.7021,-4.0892,0.69961,0.2821,0.369,-0.54296,7.5617,-0.12748,2.0502,0.54378,0.90224,0.11025
1.4,8.6012,-7.7579,-4.1406,0.69756,0.28642,0.37077,-0.54212,7.5247,-0.12473,2.0455,0.52309,0.90646,0.11085
1.41,8.6141,-7.8138,-4.192,0.6955,0.29073,0.37254,-0.54127,7.4878,-0.12198,2.0408,0.50241,0.91068,0.11145
1.42,8.6271,-7.8697,-4.2433,0.69341,0.29503,0.3743,-0.5404,7.4508,-0.11923,2.0361,0.48173,0.9149,0.11204
1.43,8.64,-7.9255,-4.2947,0.69131,0.29932,0.37605,-0.53952,7.4139,-0.11648,2.0314,0.46105,0.91911,0.11264
1.44,8.653,-7.9814,-4.3461,0.68919,0.30361,0.37779,-0.53863,7.3769,-0.11373,2.0267,0.44036,0.92333,0.11324
1.45,8.6659,-8.0373,-4.3975,0.68704,0.30789,0.37952,-0.53772,7.34,-0.11098,2.0221,0.41968,0.92755,0.11384
1.46,8.6788,-8.0931,-4.4488,0.68489,0.31216,0.38124,-0.53679,7.303,-0.10823,2.0174,0.399,0.93177,0.11443
1.47,8.6907,-8.1433,-4.5019,0.68288,0.31606,0.38339,-0.53553,7.265,-0.10619,2.0115,0.38336,0.9346,0.11563
1.48,8.7026,-8.1932,-4.555,0.68086,0.31994,0.38556,-0.53424,7.227,-0.10419,2.0056,0.368,0.93736,0.11686
1.49,8.7144,-8.2431,-4.6081,0.67883,0.32381,0.38772,-0.53293,7.189,-0.10219,1.9997,0.35264,0.94013,0.11809
1.5,8.7262,-8.2931,-4.6613,0.67678,0.32767,0.38986,-0.53161,7.1509,-0.1002,1.9938,0.33727,0.94289,0.11932
1.51,8.7381,-8.343,-4.7144,0.67471,0.33152,0.392,-0.53028,7.1129,-0.098196,1.9878,0.32191,0.94565,0.12054
1.52,8.7499,-8.3929,-4.7675,0.67262,0.33536,0.39413,-0.52894,7.0748,-0.096197,1.9819,0.30654,0.94841,0.12177
1.53,8.7617,-8.4428,-4.8207,0.67052,0.3392,0.39624,-0.52758,7.0368,-0.094198,1.976,0.29118,0.95117,0.123
1.54,8.7736,-8.4927,-4.8738,0.6684,0.34302,0.39835,-0.5262,6.9988,-0.092199,1.9701,0.27581,0.95393,0.12423
1.55,8.7854,-8.5426,-4.9269,0.66627,0.34684,0.40045,-0.52482,6.9607,-0.0902,1.9642,0.26045,0.95669,0.12546
1.56,8.7968,-8.5894,-4.9806,0.66423,0.35046,0.40272,-0.52325,6.9227,-0.088894,1.9571,0.24529,0.95883,0.12701
1.57,8.8077,-8.632,-5.0352,0.66234,0.35383,0.40523,-0.52145,6.8846,-0.088503,1.9486,0.2304,0.96016,0.12901
1.58,8.8186,-8.6747,-5.0897,0.66043,0.35718,0.40772,-0.51963,6.8465,-0.088113,1.9401,0.2155,0.96148,0.131
1.59,8.8294,-8.7173,-5.1442,0.6585,0.36053,0.41021,-0.5178,6.8084,-0.087723,1.9316,0.20061,0.96281,0.133
1.6,8.8403,-8.76,-5.1987,0.65656,0.36387,0.41269,-0.51596,6.7703,-0.087332,1.923,0.18572,0.96414,0.13499
1.61,8.8512,-8.8026,-5.2532,0.6546,0.3672,0.41516,-0.51411,6.7322,-0.086942,1.9145,0.17083,0.96546,0.13698
1.62,8.862,-8.8452,-5.3078,0.65263,0.37052,0.41761,-0.51224,6.6941,-0.086552,1.906,0.15594,0.96679,0.13898
1.63,8.8729,-8.8879,-5.3623,0.65064,0.37383,0.42006,-0.51036,6.656,-0.086161,1.8975,0.14105,0.96811,0.14097
1.64,8.8838,-8.9305,-5.4168,0.64864,0.37713,0.4225,-0.50847,6.6179,-0.085771,1.889,0.12615,0.96944,0.14297
1.65,8.8946,-8.9732,-5.4713,0.64661,0.38042,0.42493,-0.50656,6.5798,-0.085381,1.8804,0.11126,0.97076,0.14496
1.66,8.9052,-9.013,-5.5261,0.64466,0.38362,0.42745,-0.50452,6.542,-0.085557,1.8713,0.10086,0.97284,0.1476
1.67,8.9154,-9.0486,-5.5813,0.6428,0.38669,0.43011,-0.50228,6.5046,-0.086551,1.8612,0.096943,0.976,0.15118
1.68,8.9255,-9.0843,-5.6365,0.64093,0.38976,0.43275,-0.50003,6.4672,-0.087545,1.8511,0.093027,0.97917,0.15476
1.69,8.9357,-9.1199,-5.6916,0.63904,0.39281,0.43539,-0.49776,6.4297,-0.088539,1.8411,0.08911,0.98233,0.15833
1.7,8.9459,-9.1556,-5.7468,0.63713,0.39586,0.43802,-0.49548,6.3923,-0.089534,1.831,0.085194,0.98549,0.16191
1.71,8.956,-9.1912,-5.802,0.63521,0.39889,0.44064,-0.49319,6.3549,-0.090528,1.8209,0.081278,0.98866,0.16549
1.72,8.9662,-9.2268,-5.8571,0.63327,0.40191,0.44324,-0.49089,6.3174,-0.091522,1.8109,0.077361,0.99182,0.16906
1.73,8.9763,-9.2625,-5.9123,0.63132,0.40493,0.44583,-0.48857,6.28,-0.092517,1.8008,0.073445,0.99498,0.17264
1.74,8.9865,-9.2981,-5.9675,0.62935,0.40793,0.44842,-0.48625,6.2426,-0.093511,1.7907,0.069528,0.99815,0.17621
1.75,8.9963,-9.3292,-6.0227,0.62743,0.41096,0.45106,-0.48373,6.2059,-0.094972,1.78,0.059708,1.0011,0.18052
1.76,9.006,-9.3596,-6.078,0.6255,0.41398,0.4537,-0.48118,6.1693,-0.096503,1.7692,0.049,1.004,0.18494
1.77,9.0157,-9.39,-6.1332,0.62355,0.41699,0.45633,-0.47861,6.1327,-0.098034,1.7584,0.038291,1.0069,0.18936
1.78,9.0254,-9.4204,-6.1884,0.62159,0.41999,0.45894,-0.47604,6.0961,-0.099565,1.7475,0.027583,1.0098,0.19377
1.79,9.0351,-9.4508,-6.2437,0.61961,0.42298,0.46154,-0.47344,6.0596,-0.1011,1.7367,0.016875,1.0127,0.19819
1.8,9.0447,-9.48,-6.2989,0.61769,0.42588,0.46421,-0.47074,6.0233,-0.10326,1.7256,0.013404,1.0178,0.20399
1.81,9.0542,-9.5075,-6.354,0.61581,0.42875,0.46696,-0.46787,5.9871,-0.10631,1.7149,0.015008,1.0283,0.21174
1.82,9.0636,-9.5332,-6.409,0.61383,0.43183,0.46982,-0.46476,5.95,-0.11051,1.7081,0.0064888,1.0543,0.22223
1.83,9.073,-9.559,-6.464,0.61183,0.43491,0.47267,-0.46162,5.9129,-0.11471,1.7013,-0.0020307,1.0803,0.23271
1.84,9.0824,-9.5848,-6.519,0.60982,0.43796,0.47551,-0.45848,5.8758,-0.11891,1.6945,-0.01055,1.1063,0.24319
1.85,9.0917,-9.6105,-6.574,0.60778,0.44101,0.47833,-0.45531,5.8387,-0.12311,1.6877,-0.01907,1.1324,0.25367
1.86,9.1009,-9.6325,-6.6286,0.60566,0.44416,0.48117,-0.45207,5.803,-0.12553,1.6776,-0.016327,1.1358,0.25737
1.87,9.11,-9.653,-6.6831,0.60349,0.44735,0.48401,-0.44879,5.7679,-0.12725,1.6663,-0.009222,1.1306,0.25843
1.88,9.1191,-9.6735,-6.7375,0.6013,0.45053,0.48682,-0.4455,5.7327,-0.12897,1.6549,-0.0021168,1.1253,0.25949
1.89,9.1282,-9.694,-6.7919,0.59908,0.45369,0.48962,-0.44219,5.6975,-0.13069,1.6436,0.0049885,1.1201,0.26055
1.9,9.1372,-9.7145,-6.8463,0.59685,0.45684,0.49241,-0.43886,5.6624,-0.13241,1.6323,0.012094,1.1148,0.26161
1.91,9.1463,-9.735,-6.9008,0.5946,0.45997,0.49518,-0.43552,5.6272,-0.13414,1.621,0.019199,1.1096,0.26267
1.92,9.1554,-9.7555,-6.9552,0.59233,0.46308,0.49793,-0.43217,5.5921,-0.13586,1.6096,0.026304,1.1043,0.26373
1.93,9.1645,-9.776,-7.0096,0.59004,0.46618,0.50066,-0.4288,5.5569,-0.13758,1.5983,0.033409,1.0991,0.26479
1.94,9.1736,-9.7965,-7.064,0.58773,0.46926,0.50338,-0.42541,5.5217,-0.1393,1.587,0.040515,1.0938,0.26585
1.95,9.1825,-9.8137,-7.1179,0.58547,0.47242,0.50592,-0.422,5.4887,-0.14128,1.5737,0.042956,1.094,0.27205
1.96,9.1913,-9.8262,-7.1709,0.58331,0.47569,0.50821,-0.41855,5.4587,-0.14362,1.5576,0.038638,1.1019,0.28571
1.97,9.2,-9.8387,-7.2239,0.58114,0.47894,0.51049,-0.41509,5.4286,-0.14596,1.5414,0.03432,1.1099,0.29937
1.98,9.2088,-9.8512,-7.277,0.57894,0.48218,0.51275,-0.41161,5.3986,-0.1483,1.5253,0.030002,1.1178,0.31303
1.99,9.2176,-9.8637,-7.33,0.57673,0.4854,0.51499,-0.40812,5.3686,-0.15064,1.5091,0.025684,1.1257,0.32669
2,9.2263,-9.8762,-7.383,0.57449,0.48861,0.51721,-0.40461,5.3385,-0.15298,1.493,0.021366,1.1337,0.34035
2.01,9.2351,-9.8886,-7.436,0.57224,0.4918,0.51942,-0.40109,5.3085,-0.15532,1.4769,0.017048,1.1416,0.354
2.02,9.2438,-9.9011,-7.4891,0.56997,0.49497,0.52161,-0.39756,5.2785,-0.15766,1.4607,0.01273,1.1496,0.36766
2.03,9.2526,-9.9136,-7.5421,0.56768,0.49813,0.52379,-0.39402,5.2485,-0.16,1.4446,0.0084122,1.1575,0.38132
2.04,9.2613,-9.9261,-7.5951,0.56537,0.50128,0.52595,-0.39046,5.2184,-0.16234,1.4284,0.0040942,1.1654,0.39498
2.05,9.2701,-9.9386,-7.6481,0.56304,0.5044,0.52809,-0.38689,5.1884,-0.16468,1.4123,-0.0002238,1.1734,0.40864
2.06,9.2788,-9.9511,-7.7011,0.5607,0.50751,0.53021,-0.38331,5.1584,-0.16702,1.3962,-0.0045418,1.1813,0.4223
2.07,9.2876,-9.9572,-7.7524,0.558,0.51123,0.53314,-0.3782,5.1268,-0.17235,1.3934,-0.020301,1.2397,0.43504
2.08,9.2963,-9.9615,-7.8031,0.55518,0.51512,0.53628,-0.37261,5.0947,-0.17859,1.3946,-0.039513,1.3133,0.44752
2.09,9.305,-9.9657,-7.8538,0.55231,0.51896,0.53939,-0.367,5.0626,-0.18483,1.3958,-0.058726,1.3869,0.45999
2.1,9.3137,-9.97,-7.9046,0.54941,0.52278,0.54246,-0.36136,5.0305,-0.19107,1.3971,-0.077938,1.4605,0.47246
2.11,9.3224,-9.9742,-7.9553,0.54648,0.52656,0.5455,-0.3557,4.9985,-0.19731,1.3983,-0.097151,1.5341,0.48493
2.12,9.3311,-9.9784,-8.006,0.54351,0.53031,0.54851,-0.35001,4.9664,-0.20355,1.3995,-0.11636,1.6077,0.4974
2.13,9.3398,-9.9827,-8.0568,0.54051,0.53402,0.55148,-0.34431,4.9343,-0.20979,1.4008,-0.13558,1.6813,0.50987
2.14,9.3485,-9.9869,-8.1075,0.53747,0.5377,0.55441,-0.33858,4.9022,-0.21604,1.402,-0.15479,1.7549,0.52234
2.15,9.3573,-9.9912,-8.1582,0.5344,0.54134,0.55731,-0.33283,4.8701,-0.22228,1.4032,-0.174,1.8285,0.53481
2.16,9.366,-9.9954,-8.2089,0.53129,0.54495,0.56017,-0.32705,4.838,-0.22852,1.4045,-0.19321,1.9021,0.54728
2.17,9.3747,-9.9997,-8.2597,0.52815,0.54853,0.563,-0.32126,4.806,-0.23476,1.4057,-0.21243,1.9757,0.55975
2.18,9.3836,-9.9976,-8.3079,0.52318,0.55329,0.56783,-0.3126,4.765,-0.24058,1.4284,-0.21869,2.0906,0.57751
2.19,9.3925,-9.995,-8.3559,0.51798,0.55808,0.57274,-0.30365,4.7233,-0.24636,1.4529,-0.22384,2.209,0.59573
2.2,9.4014,-9.9924,-8.4039,0.5127,0.56278,0.57758,-0.29465,4.6815,-0.25214,1.4774,-0.22898,2.3274,0.61394
2.21,9.4103,-9.9898,-8.4519,0.50734,0.5674,0.58232,-0.28561,4.6398,-0.25793,1.502,-0.23413,2.4458,0.63216
2.22,9.4192,-9.9872,-8.4999,0.5019,0.57192,0.58697,-0.27652,4.5981,-0.26371,1.5265,-0.23927,2.5643,0.65037
2.23,9.4281,-9.9846,-8.548,0.49638,0.57636,0.59153,-0.26739,4.5563,-0.26949,1.551,-0.24442,2.6827,0.66859
2.24,9.437,-9.982,-8.596,0.49079,0.58071,0.596,-0.25822,4.5146,-0.27528,1.5755,-0.24956,2.8011,0.6868
2.25,9.4459,-9.9764,-8.6426,0.48397,0.58577,0.60112,-0.24759,4.4698,-0.28118,1.602,-0.27398,2.8369,0.69647
2.26,9.4548,-9.97,-8.6888,0.47669,0.59094,0.60633,-0.23647,4.4241,-0.28712,1.629,-0.3042,2.8477,0.70356
2.27,9.4637,-9.961,-8.7337,0.46982,0.59559,0.61136,-0.22536,4.384,-0.29027,1.6409,-0.31976,2.8398,0.70234
2.28,9.4725,-9.952,-8.7785,0.46286,0.6001,0.61625,-0.2142,4.3441,-0.29334,1.6522,-0.33486,2.8312,0.70087
2.29,9.4814,-9.9429,-8.8234,0.4558,0.60448,0.621,-0.203,4.3042,-0.2964,1.6636,-0.34995,2.8227,0.69939
2.3,9.4902,-9.9302,-8.8661,0.44902,0.60849,0.6255,-0.19204,4.2734,-0.29506,1.6605,-0.35616,2.7922,0.69113
2.31,9.4989,-9.9156,-8.9077,0.44233,0.61226,0.62981,-0.18118,4.2473,-0.29153,1.6502,-0.35792,2.7506,0.67947
2.32,9.5075,-9.901,-8.9493,0.43556,0.6159,0.634,-0.17029,4.2212,-0.288,1.6398,-0.35968,2.7091,0.66782
2.33,9.5162,-9.8863,-8.9909,0.4287,0.61943,0.63806,-0.15937,4.1951,-0.28447,1.6295,-0.36144,2.6676,0.65617
2.34,9.5249,-9.8717,-9.0325,0.42175,0.62284,0.642,-0.14842,4.1689,-0.28093,1.6192,-0.3632,2.626,0.64451
2.35,9.5336,-9.8571,-9.0741,0.41473,0.62613,0.64582,-0.13744,4.1428,-0.2774,1.6089,-0.36496,2.5845,0.63286
2.36,9.5423,-9.8425,-9.1157,0.40762,0.62929,0.6495,-0.12643,4.1167,-0.27387,1.5985,-0.36673,2.543,0.62121
2.37,9.5506,-9.8229,-9.1539,0.40112,0.632,0.65281,-0.11632,4.106,-0.2642,1.5734,-0.36559,2.4929,0.60689
2.38,9.5586,-9.7991,-9.189,0.39514,0.63433,0.65578,-0.10699,4.1086,-0.24923,1.5356,-0.36195,2.4356,0.59029
2.39,9.5666,-9.7752,-9.2241,0.3891,0.63657,0.65867,-0.097643,4.1112,-0.23426,1.4978,-0.35831,2.3782,0.57368
2.4,9.5747,-9.7514,-9.2592,0.38301,0.63872,0.66147,-0.088284,4.1139,-0.21929,1.4599,-0.35467,2.3209,0.55707
2.41,9.5827,-9.7276,-9.2942,0.37688,0.64079,0.66418,-0.078913,4.1165,-0.20433,1.4221,-0.35103,2.2636,0.54046
2.42,9.5907,-9.7037,-9.3293,0.37068,0.64276,0.66679,-0.069532,4.1191,-0.18936,1.3843,-0.3474,2.2062,0.52385
2.43,9.5987,-9.6799,-9.3644,0.36444,0.64465,0.66932,-0.06014,4.1218,-0.17439,1.3464,-0.34376,2.1489,0.50725
2.44,9.6068,-9.656,-9.3995,0.35815,0.64645,0.67175,-0.050741,4.1244,-0.15943,1.3086,-0.34012,2.0915,0.49064
2.45,9.6148,-9.6322,-9.4346,0.35181,0.64817,0.67409,-0.041334,4.127,-0.14446,1.2708,-0.33648,2.0342,0.47403
2.46,9.6228,-9.6081,-9.4696,0.34545,0.64978,0.67633,-0.031959,4.1302,-0.12932,1.2327,-0.33301,1.9768,0.45751
2.47,9.6297,-9.5739,-9.4958,0.34095,0.65074,0.678,-0.024568,4.1639,-0.1051,1.1831,-0.3387,1.92,0.44578
2.48,9.6366,-9.5396,-9.522,0.33641,0.65165,0.67962,-0.017176,4.1975,-0.080875,1.1335,-0.34438,1.8632,0.43405
2.49,9.6435,-9.5053,-9.5481,0.33185,0.65251,0.68118,-0.0097819,4.2311,-0.05665,1.0838,-0.35007,1.8063,0.42233
2.5,9.6505,-9.471,-9.5743,0.32726,0.65332,0.68269,-0.0023873,4.2648,-0.032425,1.0342,-0.35576,1.7495,0.4106
2.51,9.6574,-9.4367,-9.6005,0.32265,0.65407,0.68415,0.0050076,4.2984,-0.0081998,0.98457,-0.36144,1.6927,0.39887
2.52,9.6643,-9.4024,-9.6267,0.31801,0.65478,0.68555,0.012402,4.3321,0.016025,0.93494,-0.36713,1.6359,0.38714
2.53,9.6712,-9.3681,-9.6529,0.31335,0.65543,0.6869,0.019795,4.3657,0.04025,0.88531,-0.37281,1.579,0.37541
2.54,9.6781,-9.3338,-9.6791,0.30866,0.65603,0.68819,0.027187,4.3993,0.064475,0.83568,-0.3785,1.5222,0.36369
2.55,9.685,-9.2996,-9.7052,0.30395,0.65658,0.68943,0.034577,4.433,0.0887,0.78605,-0.38419,1.4654,0.35196
2.56,9.692,-9.2653,-9.7314,0.29921,0.65708,0.69062,0.041964,4.4666,0.11292,0.73642,-0.38987,1.4085,0.34023
2.57,9.6979,-9.222,-9.7491,0.29638,0.65736,0.6912,0.047635,4.5202,0.14081,0.68741,-0.38812,1.3528,0.33822
2.58,9.7038,-9.1787,-9.7667,0.29355,0.65762,0.69176,0.053298,4.5739,0.16871,0.63839,-0.38634,1.2971,0.33625
2.59,9.7097,-9.1355,-9.7843,0.2907,0.65785,0.69228,0.058959,4.6276,0.19662,0.58937,-0.38456,1.2415,0.33428
2.6,9.7156,-9.0922,-9.8019,0.28784,0.65805,0.69278,0.064618,4.6813,0.22452,0.54036,-0.38278,1.1858,0.33231
2.61,9.7215,-9.0489,-9.8195,0.28497,0.65822,0.69325,0.070274,4.735,0.25242,0.49134,-0.381,1.1301,0.33033
2.62,9.7275,-9.0056,-9.8372,0.28209,0.65837,0.69369,0.075927,4.7887,0.28032,0.44232,-0.37922,1.0744,0.32836
2.63,9.7334,-8.9624,-9.8548,0.2792,0.65849,0.69411,0.081577,4.8424,0.30822,0.39331,-0.37744,1.0187,0.32639
2.64,9.7393,-8.9191,-9.8724,0.27629,0.65859,0.69449,0.087224,4.8961,0.33612,0.34429,-0.37566,0.96301,0.32442
2.65,9.7449,-8.873,-9.8873,0.27391,0.65876,0.69461,0.092327,4.9537,0.36383,0.2961,-0.37746,0.91536,0.32632
2.66,9.7503,-8.8236,-9.8989,0.27215,0.65904,0.69443,0.096786,5.0161,0.39131,0.24889,-0.3835,0.87726,0.33284
2.67,9.7557,-8.7741,-9.9105,0.27039,0.6593,0.69424,0.10124,5.0785,0.41879,0.20168,-0.38954,0.83916,0.33936
2.68,9.761,-8.7247,-9.9221,0.26862,0.65955,0.69402,0.1057,5.1408,0.44626,0.15447,-0.39558,0.80107,0.34588
2.69,9.7664,-8.6753,-9.9337,0.26684,0.65978,0.6938,0.11015,5.2032,0.47374,0.10727,-0.40162,0.76297,0.3524
2.7,9.7717,-8.6256,-9.9451,0.2651,0.66,0.69353,0.11459,5.2658,0.50104,0.060547,-0.40667,0.72584,0.35953
2.71,9.7769,-8.5734,-9.954,0.26382,0.66028,0.69303,0.11893,5.3307,0.52643,0.018896,-0.4015,0.69872,0.37299
2.72,9.7821,-8.52,-9.9617,0.26259,0.66066,0.6924,0.12311,5.3965,0.55076,-0.021208,-0.40167,0.67953,0.38836
2.73,9.7872,-8.4662,-9.9692,0.26137,0.66108,0.69172,0.12723,5.4627,0.57476,-0.060831,-0.40351,0.6628,0.40432
2.74,9.7923,-8.4117,-9.9759,0.26013,0.66156,0.69093,0.13143,5.5293,0.59664,-0.097461,-0.40887,0.65537,0.42679
2.75,9.7974,-8.3548,-9.9804,0.25885,0.66235,0.6898,0.1359,5.5979,0.61103,-0.12344,-0.42677,0.68106,0.47246
2.76,9.8025,-8.2978,-9.9849,0.25756,0.66312,0.68865,0.14037,5.6665,0.62541,-0.14942,-0.44467,0.70674,0.51813
2.77,9.8076,-8.2408,-9.9893,0.25626,0.66387,0.68748,0.14483,5.735,0.6398,-0.1754,-0.46257,0.73243,0.5638
2.78,9.8127,-8.1839,-9.9938,0.25495,0.66461,0.6863,0.14929,5.8036,0.65418,-0.20138,-0.48047,0.75812,0.60946
2.79,9.8178,-8.1269,-9.9983,0.25365,0.66533,0.6851,0.15375,5.8721,0.66856,-0.22736,-0.49837,0.7838,0.65513
2.8,9.823,-8.0669,-10,0.25163,0.66661,0.68321,0.15981,5.9446,0.66539,-0.2288,-0.52088,0.84664,0.72064
2.81,9.8283,-8.005,-10,0.24915,0.66821,0.68086,0.16687,6.0195,0.65121,-0.21488,-0.54627,0.93277,0.79858
2.82,9.8336,-7.9431,-10,0.24666,0.66978,0.67847,0.17391,6.0944,0.63703,-0.20095,-0.57167,1.0189,0.87652
2.83,9.8389,-7.8811,-10,0.24415,0.67129,0.67603,0.18095,6.1693,0.62285,-0.18702,-0.59706,1.105,0.95447
2.84,9.8442,-7.8192,-10,0.24163,0.67277,0.67354,0.18797,6.2442,0.60867,-0.17309,-0.62246,1.1911,1.0324
2.85,9.8494,-7.7573,-10,0.23909,0.6742,0.67102,0.19499,6.3191,0.59449,-0.15916,-0.64786,1.2773,1.1103
2.86,9.8547,-7.6954,-10,0.23653,0.67559,0.66845,0.20198,6.394,0.58031,-0.14524,-0.67325,1.3634,1.1883
2.87,9.86,-7.6334,-10,0.23396,0.67694,0.66584,0.20897,6.4689,0.56613,-0.13131,-0.69865,1.4495,1.2662
2.88,9.8655,-7.5667,-9.9946,0.229,0.67927,0.66218,0.21833,6.5475,0.51966,-0.085817,-0.68224,1.511,1.325
2.89,9.871,-7.4989,-9.9881,0.22348,0.68173,0.65821,0.22818,6.6268,0.46619,-0.033488,-0.65677,1.5671,1.3797
2.9,9.8766,-7.4311,-9.9815,0.21793,0.68408,0.65414,0.23799,6.7061,0.41272,0.01884,-0.6313,1.6232,1.4343
2.91,9.8821,-7.3633,-9.9749,0.21235,0.68634,0.64997,0.24776,6.7855,0.35925,0.071169,-0.60583,1.6793,1.4889
2.92,9.8876,-7.2955,-9.9684,0.20673,0.68849,0.64571,0.2575,6.8648,0.30578,0.1235,-0.58036,1.7354,1.5436
2.93,9.8931,-7.2277,-9.9618,0.20109,0.69053,0.64135,0.2672,6.9442,0.25231,0.17583,-0.55489,1.7915,1.5982
2.94,9.8987,-7.1599,-9.9553,0.19542,0.69248,0.63689,0.27686,7.0235,0.19884,0.22815,-0.52943,1.8476,1.6529
2.95,9.9042,-7.0921,-9.9487,0.18971,0.69432,0.63234,0.28648,7.1028,0.14537,0.28048,-0.50396,1.9037,1.7075
2.96,9.9097,-7.0242,-9.9419,0.18394,0.69608,0.62769,0.29606,7.1821,0.091478,0.33258,-0.47892,1.9574,1.7602
2.97,9.9148,-6.951,-9.9253,0.17681,0.69835,0.62269,0.30547,7.2601,0.022877,0.37649,-0.46885,1.9306,1.7463
2.98,9.9199,-6.8778,-9.9088,0.16965,0.70049,0.61758,0.31484,7.3382,-0.045724,0.4204,-0.45878,1.9037,1.7324
2.99,9.9249,-6.8046,-9.8922,0.16246,0.70253,0.61237,0.32414,7.4162,-0.11432,0.46431,-0.44872,1.8768,1.7184
3,9.93,-6.7314,-9.8756,0.15524,0.70444,0.60705,0.3334,7.4942,-0.18293,0.50822,-0.43865,1.8499,1.7045
3.01,9.9351,-6.6583,-9.8591,0.14799,0.70623,0.60163,0.3426,7.5722,-0.25153,0.55214,-0.42858,1.8231,1.6906
3.02,9.9401,-6.5851,-9.8425,0.14072,0.7079,0.59611,0.35174,7.6502,-0.32013,0.59605,-0.41851,1.7962,1.6766
3.03,9.9452,-6.5119,-9.826,0.13343,0.70945,0.59049,0.36082,7.7282,-0.38873,0.63996,-0.40845,1.7693,1.6627
3.04,9.9503,-6.4387,-9.8094,0.12611,0.71089,0.58477,0.36984,7.8062,-0.45733,0.68387,-0.39838,1.7424,1.6488
3.05,9.9546,-6.3636,-9.7863,0.11971,0.71207,0.57937,0.3781,7.8858,-0.51658,0.71147,-0.40244,1.704,1.6122
3.06,9.9585,-6.287,-9.7583,0.11398,0.71306,0.57421,0.3858,7.9664,-0.56883,0.72687,-0.41707,1.6569,1.5587
3.07,9.9623,-6.2104,-9.7303,0.10825,0.71396,0.56898,0.39345,8.0471,-0.62109,0.74226,-0.43171,1.6099,1.5052
3.08,9.9662,-6.1338,-9.7023,0.10249,0.71478,0.56368,0.40106,8.1278,-0.67334,0.75765,-0.44634,1.5628,1.4517
3.09,9.97,-6.0572,-9.6742,0.096732,0.71552,0.55831,0.40862,8.2085,-0.72559,0.77304,-0.46097,1.5157,1.3982
3.1,9.9739,-5.9806,-9.6462,0.090957,0.71616,0.55288,0.41613,8.2891,-0.77784,0.78844,-0.47561,1.4687,1.3447
3.11,9.9777,-5.904,-9.6182,0.085172,0.71673,0.54738,0.42358,8.3698,-0.83009,0.80383,-0.49024,1.4216,1.2912
3.12,9.9808,-5.8263,-9.5836,0.080617,0.7169,0.54238,0.43056,8.454,-0.86751,0.81017,-0.52818,1.3891,1.2336
3.13,9.9835,-5.7482,-9.5467,0.076489,0.71689,0.53753,0.43735,8.5395,-0.89974,0.81335,-0.57427,1.3616,1.1745
3.14,9.9862,-5.6701,-9.5097,0.072355,0.71683,0.53263,0.4441,8.625,-0.93197,0.81653,-0.62037,1.3341,1.1154
3.15,9.9889,-5.592,-9.4728,0.068214,0.7167,0.52769,0.45082,8.7105,-0.9642,0.81971,-0.66646,1.3066,1.0563
3.16,9.9913,-5.5136,-9.4334,0.064747,0.7163,0.52279,0.45762,8.7972,-0.99041,0.82185,-0.71129,1.2886,0.99442
3.17,9.9933,-5.4349,-9.391,0.061951,0.71556,0.51805,0.4645,8.8855,-1.0083,0.82418,-0.75993,1.2819,0.92829
3.18,9.9952,-5.3561,-9.3476,0.059286,0.71468,0.51337,0.47134,8.9743,-1.0232,0.82727,-0.81235,1.2787,0.86045
3.19,9.9965,-5.2771,-9.3002,0.057431,0.71319,0.50898,0.47853,9.0645,-1.0242,0.83694,-0.86442,1.3003,0.78509
3.2,9.9978,-5.1981,-9.2524,0.055645,0.7116,0.50459,0.48571,9.1549,-1.024,0.8472,-0.91645,1.324,0.70906
3.21,9.999,-5.1191,-9.2047,0.053855,0.70995,0.50016,0.49286,9.2452,-1.0237,0.85747,-0.96848,1.3477,0.63302
3.22,10,-5.04,-9.1553,0.052325,0.70794,0.49584,0.50023,9.3356,-1.0176,0.87276,-1.0206,1.3782,0.55816
3.23,10,-4.9609,-9.1002,0.051733,0.70476,0.49201,0.50849,9.4262,-0.99045,0.90601,-1.0731,1.433,0.48746
3.24,10,-4.8817,-9.0451,0.051137,0.70151,0.48814,0.5167,9.5168,-0.96329,0.93926,-1.1256,1.4878,0.41677
3.25,10,-4.8026,-8.99,0.050535,0.6982,0.48423,0.52487,9.6074,-0.93612,0.97252,-1.1781,1.5426,0.34607
3.26,10,-4.7235,-8.9349,0.049929,0.69482,0.48027,0.53298,9.698,-0.90896,1.0058,-1.2306,1.5974,0.27537
3.27,10,-4.6443,-8.8797,0.049318,0.69138,0.47626,0.54105,9.7885,-0.8818,1.039,-1.2831,1.6521,0.20468
3.28,9.9977,-4.5657,-8.8167,0.049696,0.68657,0.47241,0.55044,9.8743,-0.84038,1.0918,-1.3319,1.6884,0.17051
3.29,9.9949,-4.4872,-8.752,0.050264,0.68141,0.46853,0.56003,9.9591,-0.79615,1.1484,-1.3799,1.7209,0.14359
3.3,9.992,-4.4087,-8.6874,0.050826,0.67617,0.46459,0.56954,10.044,-0.75191,1.2051,-1.4279,1.7534,0.11666
3.31,9.9892,-4.3302,-8.6228,0.05138,0.67083,0.46058,0.57898,10.129,-0.70767,1.2617,-1.4759,1.7859,0.089733
3.32,9.9864,-4.2517,-8.5581,0.051928,0.6654,0.45652,0.58834,10.214,-0.66344,1.3183,-1.524,1.8185,0.062806
3.33,9.9836,-4.1732,-8.4935,0.052469,0.65988,0.45239,0.59762,10.298,-0.6192,1.375,-1.572,1.851,0.035879
3.34,9.9792,-4.0953,-8.4258,0.05319,0.65417,0.44806,0.60701,10.38,-0.57754,1.4309,-1.6089,1.8713,0.019656
3.35,9.9706,-4.0188,-8.3508,0.054354,0.64813,0.44332,0.61679,10.456,-0.54209,1.4854,-1.6189,1.8622,0.029253
3.36,9.9621,-3.9423,-8.2758,0.05551,0.64199,0.43852,0.62647,10.531,-0.50665,1.5398,-1.6289,1.853,0.03885
3.37,9.9536,-3.8658,-8.2008,0.056657,0.63575,0.43364,0.63606,10.606,-0.4712,1.5942,-1.639,1.8439,0.048447
3.38,9.9451,-3.7894,-8.1258,0.057795,0.62941,0.42869,0.64554,10.681,-0.43575,1.6486,-1.649,1.8347,0.058044
3.39,9.9366,-3.7129,-8.0508,0.058925,0.62297,0.42368,0.65493,10.756,-0.40031,1.7031,-1.659,1.8256,0.06764
3.4,9.9281,-3.6364,-7.9758,0.060045,0.61643,0.4186,0.66421,10.831,-0.36486,1.7575,-1.669,1.8164,0.077237
3.41,9.9176,-3.5608,-7.8986,0.061089,0.60994,0.41344,0.67329,10.905,-0.33327,1.8083,-1.6711,1.8052,0.087888
3.42,9.9005,-3.4878,-7.8143,0.061909,0.6038,0.40813,0.68192,10.972,-0.31432,1.8474,-1.6472,1.7874,0.10198
3.43,9.8835,-3.4149,-7.7299,0.06272,0.59758,0.40277,0.69046,11.04,-0.29536,1.8864,-1.6233,1.7695,0.11608
3.44,9.8665,-3.342,-7.6456,0.063522,0.59128,0.39735,0.69891,11.107,-0.2764,1.9255,-1.5994,1.7517,0.13017
3.45,9.8495,-3.269,-7.5612,0.064315,0.58489,0.39187,0.70725,11.174,-0.25744,1.9645,-1.5755,1.7338,0.14427
3.46,9.8325,-3.1961,-7.4769,0.065099,0.57842,0.38634,0.7155,11.242,-0.23848,2.0036,-1.5516,1.716,0.15836
3.47,9.8154,-3.1231,-7.3926,0.065874,0.57187,0.38075,0.72364,11.309,-0.21952,2.0426,-1.5277,1.6981,0.17246
3.48,9.7951,-3.0517,-7.3058,0.066428,0.56544,0.37527,0.73146,11.375,-0.20428,2.0776,-1.5011,1.6812,0.18486
3.49,9.7685,-2.9831,-7.2145,0.06658,0.55934,0.37001,0.73878,11.436,-0.19598,2.1051,-1.4696,1.6659,0.19411
3.5,9.7419,-2.9144,-7.1233,0.066725,0.55316,0.36471,0.74602,11.498,-0.18767,2.1326,-1.438,1.6507,0.20337
3.51,9.7153,-2.8458,-7.032,0.066861,0.54692,0.35937,0.75317,11.559,-0.17937,2.1601,-1.4065,1.6355,0.21262
3.52,9.6887,-2.7771,-6.9407,0.066989,0.54062,0.35398,0.76022,11.621,-0.17106,2.1875,-1.375,1.6203,0.22187
3.53,9.6621,-2.7085,-6.8494,0.06711,0.53425,0.34855,0.76719,11.682,-0.16276,2.215,-1.3434,1.605,0.23113
3.54,9.6328,-2.6411,-6.7568,0.067082,0.52795,0.34324,0.77392,11.742,-0.15608,2.2403,-1.3126,1.5909,0.23872
3.55,9.5975,-2.5765,-6.6613,0.066737,0.52187,0.33825,0.78025,11.799,-0.15301,2.2609,-1.2834,1.579,0.24265
3.56,9.5623,-2.5119,-6.5657,0.066385,0.51574,0.33322,0.78649,11.856,-0.14993,2.2814,-1.2542,1.5672,0.24659
3.57,9.527,-2.4472,-6.4702,0.066027,0.50955,0.32816,0.79266,11.913,-0.14686,2.3019,-1.225,1.5554,0.25052
3.58,9.4918,-2.3826,-6.3746,0.065661,0.50332,0.32307,0.79874,11.97,-0.14378,2.3225,-1.1957,1.5436,0.25446
3.59,9.4521,-2.3202,-6.2776,0.065131,0.49717,0.3182,0.80457,12.024,-0.14204,2.341,-1.1695,1.5334,0.25653
3.6,9.4106,-2.2585,-6.1798,0.064531,0.49103,0.3134,0.81025,12.078,-0.14084,2.3587,-1.1445,1.5239,0.25785
3.61,9.3692,-2.1969,-6.0821,0.063924,0.48485,0.30858,0.81585,12.131,-0.13964,2.3764,-1.1194,1.5144,0.25917
3.62,9.3241,-2.137,-5.9834,0.063203,0.47873,0.30393,0.82125,12.183,-0.13934,2.3926,-1.0958,1.5075,0.25905
3.63,9.2775,-2.0779,-5.8844,0.062443,0.47258,0.29933,0.82654,12.233,-0.13922,2.4088,-1.0735,1.5015,0.25865
3.64,9.229,-2.0197,-5.7851,0.061631,0.46642,0.2948,0.83171,12.283,-0.13937,2.4249,-1.0522,1.4973,0.25789
3.65,9.1778,-1.9629,-5.6853,0.060754,0.46026,0.29039,0.83675,12.33,-0.1399,2.441,-1.0323,1.4952,0.25665
3.66,9.1267,-1.9061,-5.5856,0.059873,0.45405,0.28595,0.84172,12.378,-0.14044,2.4571,-1.0124,1.4932,0.25541
3.67,9.0754,-1.8493,-5.4858,0.058985,0.44781,0.28148,0.84662,12.425,-0.14098,2.4732,-0.99248,1.4912,0.25416
3.68,9.0188,-1.7952,-5.3855,0.057978,0.44153,0.27726,0.85136,12.469,-0.14227,2.4903,-0.97496,1.4941,0.25269
3.69,8.9622,-1.7411,-5.2852,0.056967,0.43522,0.27301,0.85604,12.512,-0.14356,2.5074,-0.95744,1.4971,0.25121
3.7,8.9052,-1.6872,-5.1849,0.055944,0.42887,0.26875,0.86064,12.556,-0.14491,2.5247,-0.94002,1.5001,0.24975
3.71,8.8446,-1.6352,-5.0845,0.054841,0.42246,0.26463,0.86515,12.596,-0.14685,2.543,-0.92363,1.504,0.24842
3.72,8.7825,-1.584,-4.9842,0.053701,0.416,0.26056,0.86958,12.635,-0.1491,2.5616,-0.90766,1.5073,0.2472
3.73,8.7185,-1.5337,-4.884,0.052537,0.40952,0.25655,0.87391,12.673,-0.15157,2.5792,-0.89197,1.5059,0.2456
3.74,8.6518,-1.485,-4.784,0.051337,0.40305,0.25262,0.87812,12.709,-0.15439,2.5951,-0.87674,1.497,0.24343
3.75,8.585,-1.4362,-4.6841,0.050134,0.39654,0.24868,0.88227,12.745,-0.1572,2.6111,-0.8615,1.4881,0.24126
3.76,8.5183,-1.3874,-4.5841,0.048926,0.39001,0.24472,0.88635,12.78,-0.16001,2.627,-0.84626,1.4792,0.23909
3.77,8.4463,-1.3415,-4.485,0.047709,0.3836,0.24095,0.89023,12.813,-0.16297,2.6383,-0.83215,1.4668,0.23568
3.78,8.3742,-1.2956,-4.3859,0.046488,0.37717,0.23717,0.89405,12.846,-0.16593,2.6494,-0.81807,1.4543,0.23222
3.79,8.3019,-1.2499,-4.2868,0.045265,0.37072,0.23338,0.8978,12.879,-0.16889,2.6604,-0.80404,1.4419,0.22873
3.8,8.226,-1.2061,-4.1886,0.044049,0.36436,0.22971,0.90141,12.91,-0.17161,2.6691,-0.79098,1.4303,0.22468
3.81,8.1486,-1.1631,-4.0908,0.042839,0.35801,0.22608,0.90492,12.94,-0.17422,2.6768,-0.77834,1.4194,0.22044
3.82,8.0696,-1.1211,-3.9935,0.041635,0.35169,0.2225,0.90834,12.969,-0.17666,2.6838,-0.76613,1.4092,0.21614
3.83,7.9879,-1.0806,-3.8972,0.040445,0.34541,0.21901,0.91164,12.996,-0.17881,2.6897,-0.7547,1.4006,0.21171
3.84,7.9061,-1.0401,-3.8008,0.039253,0.33911,0.2155,0.91489,13.023,-0.18097,2.6956,-0.74327,1.3919,0.20728
3.85,7.8244,-0.99968,-3.7044,0.038058,0.33279,0.21198,0.91808,13.051,-0.18312,2.7015,-0.73184,1.3833,0.20285
3.86,7.7381,-0.96185,-3.6099,0.036891,0.32654,0.20861,0.92114,13.075,-0.18479,2.7065,-0.72154,1.3767,0.19855
3.87,7.6514,-0.92423,-3.5155,0.035723,0.32028,0.20524,0.92413,13.099,-0.18643,2.7114,-0.71133,1.3703,0.19426
3.88,7.5647,-0.88665,-3.4212,0.034554,0.314,0.20186,0.92707,13.123,-0.18806,2.7163,-0.70113,1.3639,0.18997
3.89,7.4748,-0.85094,-3.3284,0.033402,0.30776,0.19857,0.92991,13.145,-0.18942,2.7209,-0.6915,1.3587,0.18592
3.9,7.3834,-0.81616,-3.2364,0.032259,0.30152,0.19533,0.93268,13.166,-0.19065,2.7254,-0.68214,1.3538,0.18199
3.91,7.2909,-0.78208,-3.1451,0.03112,0.29527,0.19211,0.93538,13.186,-0.19183,2.73,-0.67294,1.3492,0.17816
3.92,7.1957,-0.7496,-3.0553,0.029995,0.28904,0.18897,0.938,13.204,-0.19286,2.7344,-0.66408,1.3453,0.17458
3.93,7.1005,-0.71712,-2.9656,0.028868,0.2828,0.18582,0.94056,13.222,-0.1939,2.7389,-0.65522,1.3413,0.171
3.94,7.0053,-0.68465,-2.8758,0.02774,0.27654,0.18266,0.94308,13.239,-0.19493,2.7434,-0.64635,1.3373,0.16742
3.95,6.9064,-0.65454,-2.7886,0.026631,0.27031,0.17961,0.9455,13.254,-0.19584,2.7479,-0.63788,1.3339,0.16416
3.96,6.807,-0.62473,-2.7018,0.025523,0.26406,0.17657,0.94786,13.269,-0.19674,2.7523,-0.62946,1.3307,0.16095
3.97,6.7076,-0.59492,-2.6149,0.024413,0.25781,0.17352,0.95017,13.283,-0.19764,2.7568,-0.62104,1.3274,0.15774
3.98,6.6055,-0.56682,-2.5302,0.023316,0.25156,0.17056,0.95241,13.295,-0.19851,2.7613,-0.61284,1.3246,0.15472
3.99,6.5021,-0.53965,-2.4466,0.022225,0.24532,0.16762,0.95458,13.306,-0.19935,2.7658,-0.60474,1.322,0.15176
4,6.3978,-0.51304,-2.3637,0.021137,0.23906,0.16471,0.9567,13.316,-0.20019,2.7703,-0.59671,1.3195,0.14883
4.01,6.2912,-0.48799,-2.2831,0.020061,0.23282,0.16188,0.95874,13.324,-0.20101,2.7748,-0.58886,1.3173,0.14595
4.02,6.1846,-0.46295,-2.2024,0.018983,0.22656,0.15903,0.96074,13.332,-0.20182,2.7793,-0.581,1.3152,0.14306
4.03,6.078,-0.4379,-2.1217,0.017904,0.22029,0.15618,0.96268,13.34,-0.20264,2.7838,-0.57314,1.313,0.14018
4.04,5.9684,-0.41492,-2.0441,0.016844,0.21403,0.15342,0.96456,13.345,-0.20337,2.7883,-0.56549,1.3113,0.13722
4.05,5.8583,-0.39232,-1.9671,0.015786,0.20777,0.15068,0.96637,13.349,-0.20408,2.7928,-0.55789,1.3096,0.13424
4.06,5.7482,-0.36971,-1.8901,0.014726,0.20149,0.14793,0.96814,13.354,-0.20479,2.7973,-0.55028,1.3079,0.13126
4.07,5.6361,-0.34857,-1.8155,0.013683,0.19521,0.14524,0.96985,13.356,-0.20536,2.8018,-0.54285,1.3066,0.1281
4.08,5.5228,-0.32836,-1.7424,0.01265,0.18893,0.1426,0.9715,13.356,-0.20581,2.8063,-0.53554,1.3054,0.12478
4.09,5.4088,-0.30858,-1.6702,0.011624,0.18264,0.13998,0.97309,13.356,-0.20616,2.8108,-0.52832,1.3043,0.12134
4.1,5.293,-0.29029,-1.6006,0.010621,0.17635,0.13743,0.97463,13.354,-0.20617,2.8152,-0.52139,1.3035,0.1175
4.11,5.1772,-0.27199,-1.531,0.0096183,0.17005,0.13487,0.97612,13.352,-0.20618,2.8197,-0.51445,1.3028,0.11367
4.12,5.0614,-0.2537,-1.4614,0.0086147,0.16374,0.1323,0.97755,13.35,-0.20619,2.8241,-0.50752,1.302,0.10983
4.13,4.9434,-0.23717,-1.3953,0.0076501,0.15742,0.12982,0.97893,13.345,-0.20554,2.8286,-0.50106,1.3019,0.1053
4.14,4.8249,-0.22107,-1.33,0.0066946,0.15109,0.12735,0.98026,13.339,-0.20474,2.8331,-0.49471,1.302,0.1006
4.15,4.7064,-0.20496,-1.2647,0.0057388,0.14475,0.12488,0.98154,13.333,-0.20394,2.8376,-0.48837,1.3021,0.095902
4.16,4.5865,-0.19007,-1.2019,0.0048185,0.1384,0.12246,0.98276,13.325,-0.20248,2.8423,-0.48256,1.3029,0.090601
4.17,4.4656,-0.1761,-1.1411,0.0039293,0.13203,0.12008,0.98394,13.315,-0.20044,2.8471,-0.47715,1.3045,0.08482
4.18,4.3443,-0.16243,-1.081,0.0030527,0.12565,0.11771,0.98506,13.305,-0.19815,2.8521,-0.47197,1.3066,0.07888
4.19,4.2217,-0.15014,-1.0241,0.0022335,0.11922,0.1154,0.98614,13.293,-0.19478,2.8577,-0.4678,1.3104,0.072229
4.2,4.099,-0.13786,-0.96716,0.0014142,0.11278,0.11307,0.98716,13.28,-0.19141,2.8632,-0.46362,1.3141,0.065578
4.21,3.9763,-0.12557,-0.91025,0.00059487,0.10634,0.11074,0.98814,13.267,-0.18804,2.8688,-0.45945,1.3179,0.058927
4.22,3.8523,-0.11475,-0.85694,-0.00015218,0.099824,0.10846,0.98908,13.251,-0.18335,2.8755,-0.45676,1.3244,0.051746
4.23,3.7278,-0.10437,-0.80475,-0.00087685,0.093277,0.10618,0.98996,13.234,-0.17827,2.8826,-0.45451,1.3316,0.044402
4.24,3.6033,-0.094001,-0.75256,-0.0016015,0.086726,0.1039,0.9908,13.217,-0.17318,2.8897,-0.45227,1.3389,0.037057
4.25,3.4781,-0.084586,-0.70288,-0.0022736,0.080097,0.10163,0.99159,13.198,-0.16722,2.8979,-0.45152,1.3477,0.029658
4.26,3.3522,-0.075898,-0.6552,-0.002905,0.073402,0.099365,0.99234,13.177,-0.16069,2.9069,-0.452,1.3572,0.022354
4.27,3.2258,-0.067842,-0.6093,-0.0035004,0.066646,0.097089,0.99304,13.155,-0.15372,2.9164,-0.4538,1.3665,0.015292
4.28,3.0993,-0.060132,-0.56443,-0.0040759,0.059859,0.094798,0.99369,13.131,-0.14661,2.926,-0.45654,1.3746,0.0084723
4.29,2.9722,-0.053197,-0.52188,-0.004607,0.053008,0.092481,0.99429,13.106,-0.13918,2.9357,-0.4614,1.3798,0.002194
4.3,2.8451,-0.046263,-0.47932,-0.0051378,0.046155,0.090159,0.99484,13.08,-0.13176,2.9454,-0.46625,1.3851,-0.0040844
4.31,2.7173,-0.040457,-0.44035,-0.005602,0.039296,0.08776,0.99535,13.052,-0.12442,2.9524,-0.47539,1.3778,-0.0092823
4.32,2.5896,-0.034675,-0.40146,-0.0060646,0.032434,0.085354,0.9958,13.025,-0.11708,2.9594,-0.48461,1.3703,-0.014458
4.33,2.4615,-0.029606,-0.36499,-0.0064796,0.025684,0.082864,0.99621,12.996,-0.11016,2.9616,-0.49752,1.3469,-0.019031
4.34,2.3332,-0.024875,-0.32969,-0.0068696,0.019019,0.080325,0.99656,12.968,-0.10352,2.9608,-0.51241,1.3139,-0.023404
4.35,2.2047,-0.020916,-0.29722,-0.007187,0.012754,0.077636,0.99687,12.941,-0.097658,2.9482,-0.53351,1.2482,-0.028033
4.36,2.0762,-0.017072,-0.2652,-0.0074865,0.0066244,0.074909,0.99714,12.914,-0.091925,2.9323,-0.55563,1.1755,-0.032935
4.37,1.9474,-0.014249,-0.23724,-0.0076277,0.0017118,0.071869,0.99738,12.894,-0.087314,2.8873,-0.58693,1.0396,-0.04027
4.38,1.8186,-0.011426,-0.20929,-0.0077687,-0.0032008,0.068827,0.99759,12.874,-0.082703,2.8422,-0.61824,0.90368,-0.047605
4.39,1.6898,-0.008603,-0.18133,-0.0079095,-0.0081133,0.065782,0.99777,12.855,-0.078092,2.7972,-0.64955,0.76777,-0.054941
4.4,1.5609,-0.0065791,-0.15686,-0.0077991,-0.011004,0.06235,0.99796,12.846,-0.072607,2.7098,-0.68928,0.55377,-0.069187
4.41,1.432,-0.004929,-0.13402,-0.0075711,-0.012949,0.058735,0.99816,12.842,-0.066713,2.6026,-0.73295,0.30323,-0.086666
4.42,1.3031,-0.0032789,-0.11118,-0.0073431,-0.014893,0.05512,0.99834,12.839,-0.060819,2.4955,-0.77663,0.052696,-0.10414
4.43,1.1741,-0.0020834,-0.090492,-0.0068515,-0.014804,0.051181,0.99856,12.845,-0.052253,2.3506,-0.82141,-0.23852,-0.12868
4.44,1.0452,-0.0012987,-0.071242,-0.0061392,-0.010975,0.045541,0.99888,12.861,-0.048782,2.1766,-1.1033,-0.47108,-0.13623
4.45,0.9163,-0.00055088,-0.052339,-0.0054106,-0.007602,0.039775,0.99917,12.877,-0.045212,2.0027,-1.3722,-0.69177,-0.14419
4.46,0.78696,-0.0002937,-0.038635,-0.0044768,-0.012511,0.032579,0.99938,12.897,-0.038112,1.8366,-1.3553,-0.74787,-0.16493
4.47,0.65761,-3.6521e-05,-0.024931,-0.0035426,-0.01742,0.02538,0.99952,12.917,-0.031011,1.6704,-1.3383,-0.80398,-0.18567
4.48,0.52826,0.00022066,-0.011227,-0.0026082,-0.022327,0.01818,0.99958,12.937,-0.02391,1.5043,-1.3214,-0.86008,-0.20641
4.49,0.39842,0.00024748,-0.0043734,-0.0017939,-0.030569,0.012489,0.99945,12.946,-0.015287,1.3909,-1.1413,-0.75652,-0.18732
4.5,0.2683,0.00014473,-0.0013725,-0.001047,-0.040683,0.0076472,0.99914,12.95,-0.0058085,1.3072,-0.86936,-0.56316,-0.14584
4.51,0.13818,4.199e-05,0.0016285,-0.00029999,-0.050792,0.0028043,0.99871,12.955,0.0036704,1.2234,-0.59744,-0.3698,-0.10436
4.52,0.0080758,1.1749e-06,0.00018694,-4.8159e-06,-0.046918,0.00011948,0.9989,12.945,0.00047629,1.2044,-0.040799,-0.024746,-0.0072483
